source_id,source_kind,relationship_id,relationship_label,target_id,target_kind,description,properties_json
scenario.default.task,scenario_profile,activates_task,激活任务,task.building.fusion,task,Default Direct Task Profile（scenario.default.task）激活任务Building Fusion（task.building.fusion）。,{}
scenario.default.task,scenario_profile,activates_task,激活任务,task.poi.fusion,task,Default Direct Task Profile（scenario.default.task）激活任务POI Fusion（task.poi.fusion）。,{}
scenario.default.task,scenario_profile,activates_task,激活任务,task.road.fusion,task,Default Direct Task Profile（scenario.default.task）激活任务Road Fusion（task.road.fusion）。,{}
scenario.default.task,scenario_profile,activates_task,激活任务,task.vector.download,task,Default Direct Task Profile（scenario.default.task）激活任务Vector Data Download（task.vector.download）。,{}
scenario.default.task,scenario_profile,activates_task,激活任务,task.water.fusion,task,Default Direct Task Profile（scenario.default.task）激活任务Water Fusion（task.water.fusion）。,{}
scenario.default.task,scenario_profile,activates_task,激活任务,task.waterways.fusion,task,Default Direct Task Profile（scenario.default.task）激活任务Waterways Fusion（task.waterways.fusion）。,{}
scenario.earthquake.default,scenario_profile,activates_task,激活任务,task.building.fusion,task,Earthquake Default Scenario（scenario.earthquake.default）激活任务Building Fusion（task.building.fusion）。,{}
scenario.earthquake.default,scenario_profile,activates_task,激活任务,task.road.fusion,task,Earthquake Default Scenario（scenario.earthquake.default）激活任务Road Fusion（task.road.fusion）。,{}
scenario.flood.default,scenario_profile,activates_task,激活任务,task.building.fusion,task,Flood Default Scenario（scenario.flood.default）激活任务Building Fusion（task.building.fusion）。,{}
scenario.flood.default,scenario_profile,activates_task,激活任务,task.road.fusion,task,Flood Default Scenario（scenario.flood.default）激活任务Road Fusion（task.road.fusion）。,{}
scenario.typhoon.default,scenario_profile,activates_task,激活任务,task.building.fusion,task,Typhoon Default Scenario（scenario.typhoon.default）激活任务Building Fusion（task.building.fusion）。,{}
scenario.typhoon.default,scenario_profile,activates_task,激活任务,task.road.fusion,task,Typhoon Default Scenario（scenario.typhoon.default）激活任务Road Fusion（task.road.fusion）。,{}
osp.building.fused.v1,output_schema_policy,applies_to_output_type,适用于输出类型,dt.building.fused,data_type,osp.building.fused.v1（osp.building.fused.v1）适用于输出类型dt.building.fused（dt.building.fused）。,{}
osp.poi.fused.v1,output_schema_policy,applies_to_output_type,适用于输出类型,dt.poi.fused,data_type,osp.poi.fused.v1（osp.poi.fused.v1）适用于输出类型dt.poi.fused（dt.poi.fused）。,{}
osp.road.fused.v1,output_schema_policy,applies_to_output_type,适用于输出类型,dt.road.fused,data_type,osp.road.fused.v1（osp.road.fused.v1）适用于输出类型dt.road.fused（dt.road.fused）。,{}
osp.water.fused.v1,output_schema_policy,applies_to_output_type,适用于输出类型,dt.water.fused,data_type,osp.water.fused.v1（osp.water.fused.v1）适用于输出类型dt.water.fused（dt.water.fused）。,{}
osp.waterways.fused.v1,output_schema_policy,applies_to_output_type,适用于输出类型,dt.waterways.fused,data_type,osp.waterways.fused.v1（osp.waterways.fused.v1）适用于输出类型dt.waterways.fused（dt.waterways.fused）。,{}
contract.product.building.v1,product_contract,applies_to_scenario,适用于场景,scenario.default.task,scenario_profile,Fused Building Footprint Product（contract.product.building.v1）适用于场景Default Direct Task Profile（scenario.default.task）。,{}
contract.product.building.v1,product_contract,applies_to_scenario,适用于场景,scenario.earthquake.default,scenario_profile,Fused Building Footprint Product（contract.product.building.v1）适用于场景Earthquake Default Scenario（scenario.earthquake.default）。,{}
contract.product.building.v1,product_contract,applies_to_scenario,适用于场景,scenario.flood.default,scenario_profile,Fused Building Footprint Product（contract.product.building.v1）适用于场景Flood Default Scenario（scenario.flood.default）。,{}
contract.product.building.v1,product_contract,applies_to_scenario,适用于场景,scenario.typhoon.default,scenario_profile,Fused Building Footprint Product（contract.product.building.v1）适用于场景Typhoon Default Scenario（scenario.typhoon.default）。,{}
contract.product.emergency_vector_bundle.v1,product_contract,applies_to_scenario,适用于场景,scenario.default.task,scenario_profile,Emergency Multi-Layer Vector Product Bundle（contract.product.emergency_vector_bundle.v1）适用于场景Default Direct Task Profile（scenario.default.task）。,{}
contract.product.emergency_vector_bundle.v1,product_contract,applies_to_scenario,适用于场景,scenario.earthquake.default,scenario_profile,Emergency Multi-Layer Vector Product Bundle（contract.product.emergency_vector_bundle.v1）适用于场景Earthquake Default Scenario（scenario.earthquake.default）。,{}
contract.product.emergency_vector_bundle.v1,product_contract,applies_to_scenario,适用于场景,scenario.flood.default,scenario_profile,Emergency Multi-Layer Vector Product Bundle（contract.product.emergency_vector_bundle.v1）适用于场景Flood Default Scenario（scenario.flood.default）。,{}
contract.product.emergency_vector_bundle.v1,product_contract,applies_to_scenario,适用于场景,scenario.typhoon.default,scenario_profile,Emergency Multi-Layer Vector Product Bundle（contract.product.emergency_vector_bundle.v1）适用于场景Typhoon Default Scenario（scenario.typhoon.default）。,{}
contract.product.poi.v1,product_contract,applies_to_scenario,适用于场景,scenario.default.task,scenario_profile,Fused Point-of-Interest Product（contract.product.poi.v1）适用于场景Default Direct Task Profile（scenario.default.task）。,{}
contract.product.road.v1,product_contract,applies_to_scenario,适用于场景,scenario.default.task,scenario_profile,Fused Road Network Product（contract.product.road.v1）适用于场景Default Direct Task Profile（scenario.default.task）。,{}
contract.product.road.v1,product_contract,applies_to_scenario,适用于场景,scenario.earthquake.default,scenario_profile,Fused Road Network Product（contract.product.road.v1）适用于场景Earthquake Default Scenario（scenario.earthquake.default）。,{}
contract.product.road.v1,product_contract,applies_to_scenario,适用于场景,scenario.flood.default,scenario_profile,Fused Road Network Product（contract.product.road.v1）适用于场景Flood Default Scenario（scenario.flood.default）。,{}
contract.product.road.v1,product_contract,applies_to_scenario,适用于场景,scenario.typhoon.default,scenario_profile,Fused Road Network Product（contract.product.road.v1）适用于场景Typhoon Default Scenario（scenario.typhoon.default）。,{}
contract.product.water_polygon.v1,product_contract,applies_to_scenario,适用于场景,scenario.default.task,scenario_profile,Fused Polygonal Surface-Water Product（contract.product.water_polygon.v1）适用于场景Default Direct Task Profile（scenario.default.task）。,{}
contract.product.water_polygon.v1,product_contract,applies_to_scenario,适用于场景,scenario.flood.default,scenario_profile,Fused Polygonal Surface-Water Product（contract.product.water_polygon.v1）适用于场景Flood Default Scenario（scenario.flood.default）。,{}
contract.product.water_polygon.v1,product_contract,applies_to_scenario,适用于场景,scenario.typhoon.default,scenario_profile,Fused Polygonal Surface-Water Product（contract.product.water_polygon.v1）适用于场景Typhoon Default Scenario（scenario.typhoon.default）。,{}
contract.product.waterways.v1,product_contract,applies_to_scenario,适用于场景,scenario.default.task,scenario_profile,Fused Linear Hydrography Product（contract.product.waterways.v1）适用于场景Default Direct Task Profile（scenario.default.task）。,{}
contract.product.waterways.v1,product_contract,applies_to_scenario,适用于场景,scenario.flood.default,scenario_profile,Fused Linear Hydrography Product（contract.product.waterways.v1）适用于场景Flood Default Scenario（scenario.flood.default）。,{}
contract.product.waterways.v1,product_contract,applies_to_scenario,适用于场景,scenario.typhoon.default,scenario_profile,Fused Linear Hydrography Product（contract.product.waterways.v1）适用于场景Typhoon Default Scenario（scenario.typhoon.default）。,{}
repair.alternative_algorithm.v1,repair_strategy,applies_to_task,适用于任务,task.building.fusion,task,Alternative Algorithm Fallback（repair.alternative_algorithm.v1）适用于任务Building Fusion（task.building.fusion）。,"{""reason_codes"": [""primary_execution_failed"", ""alternative_algorithm_succeeded""]}"
repair.alternative_algorithm.v1,repair_strategy,applies_to_task,适用于任务,task.road.fusion,task,Alternative Algorithm Fallback（repair.alternative_algorithm.v1）适用于任务Road Fusion（task.road.fusion）。,"{""reason_codes"": [""primary_execution_failed"", ""alternative_algorithm_succeeded""]}"
repair.alternative_algorithm.v1,repair_strategy,applies_to_task,适用于任务,task.waterways.fusion,task,Alternative Algorithm Fallback（repair.alternative_algorithm.v1）适用于任务Waterways Fusion（task.waterways.fusion）。,"{""reason_codes"": [""primary_execution_failed"", ""alternative_algorithm_succeeded""]}"
repair.source_fallback.v1,repair_strategy,applies_to_task,适用于任务,task.building.fusion,task,Alternative Source Fallback（repair.source_fallback.v1）适用于任务Building Fusion（task.building.fusion）。,"{""reason_codes"": [""source_fallback_selected"", ""fallback_when_no_safe_reuse_candidate""]}"
repair.source_fallback.v1,repair_strategy,applies_to_task,适用于任务,task.poi.fusion,task,Alternative Source Fallback（repair.source_fallback.v1）适用于任务POI Fusion（task.poi.fusion）。,"{""reason_codes"": [""source_fallback_selected"", ""fallback_when_no_safe_reuse_candidate""]}"
repair.source_fallback.v1,repair_strategy,applies_to_task,适用于任务,task.road.fusion,task,Alternative Source Fallback（repair.source_fallback.v1）适用于任务Road Fusion（task.road.fusion）。,"{""reason_codes"": [""source_fallback_selected"", ""fallback_when_no_safe_reuse_candidate""]}"
repair.source_fallback.v1,repair_strategy,applies_to_task,适用于任务,task.water.fusion,task,Alternative Source Fallback（repair.source_fallback.v1）适用于任务Water Fusion（task.water.fusion）。,"{""reason_codes"": [""source_fallback_selected"", ""fallback_when_no_safe_reuse_candidate""]}"
repair.source_fallback.v1,repair_strategy,applies_to_task,适用于任务,task.waterways.fusion,task,Alternative Source Fallback（repair.source_fallback.v1）适用于任务Waterways Fusion（task.waterways.fusion）。,"{""reason_codes"": [""source_fallback_selected"", ""fallback_when_no_safe_reuse_candidate""]}"
dt.raw.vector,data_type,can_transform_to,可转换为,dt.building.bundle,data_type,dt.raw.vector（dt.raw.vector）可转换为dt.building.bundle（dt.building.bundle）。,{}
dt.raw.vector,data_type,can_transform_to,可转换为,dt.poi.bundle,data_type,dt.raw.vector（dt.raw.vector）可转换为dt.poi.bundle（dt.poi.bundle）。,{}
dt.raw.vector,data_type,can_transform_to,可转换为,dt.road.bundle,data_type,dt.raw.vector（dt.raw.vector）可转换为dt.road.bundle（dt.road.bundle）。,{}
dt.raw.vector,data_type,can_transform_to,可转换为,dt.waterways.bundle,data_type,dt.raw.vector（dt.raw.vector）可转换为dt.waterways.bundle（dt.waterways.bundle）。,{}
dt.road.candidate,data_type,can_transform_to,可转换为,dt.road.bundle,data_type,dt.road.candidate（dt.road.candidate）可转换为dt.road.bundle（dt.road.bundle）。,{}
dt.trajectory.raw,data_type,can_transform_to,可转换为,dt.road.candidate,data_type,dt.trajectory.raw（dt.trajectory.raw）可转换为dt.road.candidate（dt.road.candidate）。,{}
contract.product.emergency_vector_bundle.v1,product_contract,composed_of,由产品契约组成,contract.product.building.v1,product_contract,Emergency Multi-Layer Vector Product Bundle（contract.product.emergency_vector_bundle.v1）由产品契约组成Fused Building Footprint Product（contract.product.building.v1）。,{}
contract.product.emergency_vector_bundle.v1,product_contract,composed_of,由产品契约组成,contract.product.poi.v1,product_contract,Emergency Multi-Layer Vector Product Bundle（contract.product.emergency_vector_bundle.v1）由产品契约组成Fused Point-of-Interest Product（contract.product.poi.v1）。,{}
contract.product.emergency_vector_bundle.v1,product_contract,composed_of,由产品契约组成,contract.product.road.v1,product_contract,Emergency Multi-Layer Vector Product Bundle（contract.product.emergency_vector_bundle.v1）由产品契约组成Fused Road Network Product（contract.product.road.v1）。,{}
contract.product.emergency_vector_bundle.v1,product_contract,composed_of,由产品契约组成,contract.product.water_polygon.v1,product_contract,Emergency Multi-Layer Vector Product Bundle（contract.product.emergency_vector_bundle.v1）由产品契约组成Fused Polygonal Surface-Water Product（contract.product.water_polygon.v1）。,{}
contract.product.emergency_vector_bundle.v1,product_contract,composed_of,由产品契约组成,contract.product.waterways.v1,product_contract,Emergency Multi-Layer Vector Product Bundle（contract.product.emergency_vector_bundle.v1）由产品契约组成Fused Linear Hydrography Product（contract.product.waterways.v1）。,{}
algo.assess.building.quality_metrics.v1,algorithm,consumes_data_type,消费数据类型,dt.building.conflict_optimized,data_type,FusionCode Building Quality Metrics（algo.assess.building.quality_metrics.v1）消费数据类型dt.building.conflict_optimized（dt.building.conflict_optimized）。,{}
algo.assess.building.quality_metrics.v1,algorithm,consumes_data_type,消费数据类型,dt.building.height_enriched,data_type,FusionCode Building Quality Metrics（algo.assess.building.quality_metrics.v1）消费数据类型dt.building.height_enriched（dt.building.height_enriched）。,{}
algo.clip.raster.tile.v1,algorithm,consumes_data_type,消费数据类型,dt.raster.building_presence,data_type,Raster Tile Clip Reserved（algo.clip.raster.tile.v1）消费数据类型dt.raster.building_presence（dt.raster.building_presence）。,{}
algo.detect.spatial_conflicts.v1,algorithm,consumes_data_type,消费数据类型,dt.building.fused,data_type,FusionCode Spatial Conflict Detection（algo.detect.spatial_conflicts.v1）消费数据类型dt.building.fused（dt.building.fused）。,{}
algo.detect.spatial_conflicts.v1,algorithm,consumes_data_type,消费数据类型,dt.road.fused,data_type,FusionCode Spatial Conflict Detection（algo.detect.spatial_conflicts.v1）消费数据类型dt.road.fused（dt.road.fused）。,{}
algo.detect.spatial_conflicts.v1,algorithm,consumes_data_type,消费数据类型,dt.water.fused,data_type,FusionCode Spatial Conflict Detection（algo.detect.spatial_conflicts.v1）消费数据类型dt.water.fused（dt.water.fused）。,{}
algo.enrich.building.height_from_raster.reserved,algorithm,consumes_data_type,消费数据类型,dt.raster.building_presence,data_type,Building Height Enrichment From Raster Reserved（algo.enrich.building.height_from_raster.reserved）消费数据类型dt.raster.building_presence（dt.raster.building_presence）。,{}
algo.enrich.building.height_from_raster.v1,algorithm,consumes_data_type,消费数据类型,dt.building.conflict_optimized,data_type,FusionCode Building Height From Raster（algo.enrich.building.height_from_raster.v1）消费数据类型dt.building.conflict_optimized（dt.building.conflict_optimized）。,{}
algo.enrich.building.height_from_raster.v1,algorithm,consumes_data_type,消费数据类型,dt.raster.building_height,data_type,FusionCode Building Height From Raster（algo.enrich.building.height_from_raster.v1）消费数据类型dt.raster.building_height（dt.raster.building_height）。,{}
algo.enrich.building.obm_attributes.v1,algorithm,consumes_data_type,消费数据类型,dt.building.normalized_set,data_type,FusionCode OBM Attribute Enrichment（algo.enrich.building.obm_attributes.v1）消费数据类型dt.building.normalized_set（dt.building.normalized_set）。,{}
algo.fusion.building.cascade_geometry_priority.v1,algorithm,consumes_data_type,消费数据类型,dt.building.match_components,data_type,FusionCode Cascaded Geometry Priority Building Fusion（algo.fusion.building.cascade_geometry_priority.v1）消费数据类型dt.building.match_components（dt.building.match_components）。,{}
algo.fusion.building.cascade_geometry_priority.v1,algorithm,consumes_data_type,消费数据类型,dt.building.normalized_set,data_type,FusionCode Cascaded Geometry Priority Building Fusion（algo.fusion.building.cascade_geometry_priority.v1）消费数据类型dt.building.normalized_set（dt.building.normalized_set）。,{}
algo.fusion.building.multi_source.decomposed.v1,algorithm,consumes_data_type,消费数据类型,dt.building.bundle,data_type,FusionCode Decomposed Multi-Source Building Fusion（algo.fusion.building.multi_source.decomposed.v1）消费数据类型dt.building.bundle（dt.building.bundle）。,{}
algo.fusion.building.multi_source.decomposed.v1,algorithm,consumes_data_type,消费数据类型,dt.building.source_set,data_type,FusionCode Decomposed Multi-Source Building Fusion（algo.fusion.building.multi_source.decomposed.v1）消费数据类型dt.building.source_set（dt.building.source_set）。,{}
algo.fusion.building.multi_source.reserved,algorithm,consumes_data_type,消费数据类型,dt.building.source_set,data_type,Multi-Source Building Fusion Reserved（algo.fusion.building.multi_source.reserved）消费数据类型dt.building.source_set（dt.building.source_set）。,{}
algo.fusion.building.safe,algorithm,consumes_data_type,消费数据类型,dt.building.bundle,data_type,Building Fusion Safe Fallback（algo.fusion.building.safe）消费数据类型dt.building.bundle（dt.building.bundle）。,{}
algo.fusion.building.v1,algorithm,consumes_data_type,消费数据类型,dt.building.bundle,data_type,Building Fusion Legacy（algo.fusion.building.v1）消费数据类型dt.building.bundle（dt.building.bundle）。,{}
algo.fusion.poi.geohash_neighbor_match.v1,algorithm,consumes_data_type,消费数据类型,dt.poi.bundle,data_type,FusionCode POI Geohash Neighbor Match（algo.fusion.poi.geohash_neighbor_match.v1）消费数据类型dt.poi.bundle（dt.poi.bundle）。,{}
algo.fusion.poi.v1,algorithm,consumes_data_type,消费数据类型,dt.poi.bundle,data_type,POI Fusion（algo.fusion.poi.v1）消费数据类型dt.poi.bundle（dt.poi.bundle）。,{}
algo.fusion.road.conflation.v7,algorithm,consumes_data_type,消费数据类型,dt.road.bundle,data_type,FusionCode V7 Road Conflation（algo.fusion.road.conflation.v7）消费数据类型dt.road.bundle（dt.road.bundle）。,{}
algo.fusion.road.safe,algorithm,consumes_data_type,消费数据类型,dt.road.bundle,data_type,Road Fusion Safe Fallback (Deprecated)（algo.fusion.road.safe）消费数据类型dt.road.bundle（dt.road.bundle）。,{}
algo.fusion.road.v1,algorithm,consumes_data_type,消费数据类型,dt.road.bundle,data_type,Road Fusion Legacy (Deprecated)（algo.fusion.road.v1）消费数据类型dt.road.bundle（dt.road.bundle）。,{}
algo.fusion.water.v1,algorithm,consumes_data_type,消费数据类型,dt.water.bundle,data_type,Water Polygon Fusion (Deprecated)（algo.fusion.water.v1）消费数据类型dt.water.bundle（dt.water.bundle）。,{}
algo.fusion.water_polygon.priority_merge.v2,algorithm,consumes_data_type,消费数据类型,dt.water.bundle,data_type,FusionCode Water Polygon Priority Merge（algo.fusion.water_polygon.priority_merge.v2）消费数据类型dt.water.bundle（dt.water.bundle）。,{}
algo.fusion.waterways.conflation.v7,algorithm,consumes_data_type,消费数据类型,dt.waterways.bundle,data_type,FusionCode V7 Waterways Conflation（algo.fusion.waterways.conflation.v7）消费数据类型dt.waterways.bundle（dt.waterways.bundle）。,{}
algo.match.building.v8_candidate_graph.v1,algorithm,consumes_data_type,消费数据类型,dt.building.normalized_set,data_type,FusionCode V8 Building Candidate Graph（algo.match.building.v8_candidate_graph.v1）消费数据类型dt.building.normalized_set（dt.building.normalized_set）。,{}
algo.match.building.v8_candidate_graph.v1,algorithm,consumes_data_type,消费数据类型,dt.building.presence_validated_set,data_type,FusionCode V8 Building Candidate Graph（algo.match.building.v8_candidate_graph.v1）消费数据类型dt.building.presence_validated_set（dt.building.presence_validated_set）。,{}
algo.match.building.v8_component_solver.v1,algorithm,consumes_data_type,消费数据类型,dt.building.match_candidate_graph,data_type,FusionCode V8 Building Component Solver（algo.match.building.v8_component_solver.v1）消费数据类型dt.building.match_candidate_graph（dt.building.match_candidate_graph）。,{}
algo.merge.building.tiles.reserved,algorithm,consumes_data_type,消费数据类型,dt.partition.tile_manifest,data_type,Building Tile Merge Reserved（algo.merge.building.tiles.reserved）消费数据类型dt.partition.tile_manifest（dt.partition.tile_manifest）。,{}
algo.optimize.building.conflict_graph.v1,algorithm,consumes_data_type,消费数据类型,dt.building.fused_raw,data_type,FusionCode Building Conflict Graph Optimization（algo.optimize.building.conflict_graph.v1）消费数据类型dt.building.fused_raw（dt.building.fused_raw）。,{}
algo.optimize.building.conflict_graph.v1,algorithm,consumes_data_type,消费数据类型,dt.building.road_topology_adjusted,data_type,FusionCode Building Conflict Graph Optimization（algo.optimize.building.conflict_graph.v1）消费数据类型dt.building.road_topology_adjusted（dt.building.road_topology_adjusted）。,{}
algo.optimize.road.topology_for_buildings.v1,algorithm,consumes_data_type,消费数据类型,dt.building.fused_raw,data_type,FusionCode Road Topology For Buildings（algo.optimize.road.topology_for_buildings.v1）消费数据类型dt.building.fused_raw（dt.building.fused_raw）。,{}
algo.optimize.road.topology_for_buildings.v1,algorithm,consumes_data_type,消费数据类型,dt.road.network,data_type,FusionCode Road Topology For Buildings（algo.optimize.road.topology_for_buildings.v1）消费数据类型dt.road.network（dt.road.network）。,{}
algo.partition.aoi.grid.v1,algorithm,consumes_data_type,消费数据类型,dt.raw.vector,data_type,AOI Grid Partition Reserved（algo.partition.aoi.grid.v1）消费数据类型dt.raw.vector（dt.raw.vector）。,{}
algo.preprocess.building.source_normalize.v1,algorithm,consumes_data_type,消费数据类型,dt.building.bundle,data_type,FusionCode Building Source Normalize（algo.preprocess.building.source_normalize.v1）消费数据类型dt.building.bundle（dt.building.bundle）。,{}
algo.preprocess.building.source_normalize.v1,algorithm,consumes_data_type,消费数据类型,dt.building.source_set,data_type,FusionCode Building Source Normalize（algo.preprocess.building.source_normalize.v1）消费数据类型dt.building.source_set（dt.building.source_set）。,{}
algo.refine.building.post_conflict_shrink.v1,algorithm,consumes_data_type,消费数据类型,dt.building.conflict_optimized,data_type,FusionCode Building Post Conflict Shrink（algo.refine.building.post_conflict_shrink.v1）消费数据类型dt.building.conflict_optimized（dt.building.conflict_optimized）。,{}
algo.refine.building.road_tail.v1,algorithm,consumes_data_type,消费数据类型,dt.building.conflict_optimized,data_type,FusionCode Road Tail Building Refinement（algo.refine.building.road_tail.v1）消费数据类型dt.building.conflict_optimized（dt.building.conflict_optimized）。,{}
algo.refine.building.road_tail.v1,algorithm,consumes_data_type,消费数据类型,dt.road.network,data_type,FusionCode Road Tail Building Refinement（algo.refine.building.road_tail.v1）消费数据类型dt.road.network（dt.road.network）。,{}
algo.resolve.building.residual_priority.v1,algorithm,consumes_data_type,消费数据类型,dt.building.fused_raw,data_type,FusionCode Residual Priority Conflict Resolution（algo.resolve.building.residual_priority.v1）消费数据类型dt.building.fused_raw（dt.building.fused_raw）。,{}
algo.transform.raw_to_building_bundle,algorithm,consumes_data_type,消费数据类型,dt.raw.vector,data_type,Raw Vector to Building Bundle（algo.transform.raw_to_building_bundle）消费数据类型dt.raw.vector（dt.raw.vector）。,{}
algo.transform.raw_to_road_bundle,algorithm,consumes_data_type,消费数据类型,dt.raw.vector,data_type,Raw Vector to Road Bundle（algo.transform.raw_to_road_bundle）消费数据类型dt.raw.vector（dt.raw.vector）。,{}
algo.transform.trajectory_to_road_candidate,algorithm,consumes_data_type,消费数据类型,dt.trajectory.raw,data_type,Trajectory To Road Candidate Reserved Seam（algo.transform.trajectory_to_road_candidate）消费数据类型dt.trajectory.raw（dt.trajectory.raw）。,{}
algo.validate.building.presence_raster.v1,algorithm,consumes_data_type,消费数据类型,dt.building.normalized_set,data_type,FusionCode Building Presence Raster Validation（algo.validate.building.presence_raster.v1）消费数据类型dt.building.normalized_set（dt.building.normalized_set）。,{}
algo.validate.building.presence_raster.v1,algorithm,consumes_data_type,消费数据类型,dt.raster.building_presence,data_type,FusionCode Building Presence Raster Validation（algo.validate.building.presence_raster.v1）消费数据类型dt.raster.building_presence（dt.raster.building_presence）。,{}
task_bundle.direct_request,task_bundle,declares_data_need,声明数据需求,dn.task.building.fusion.input,data_need,Direct Task Request Bundle（task_bundle.direct_request）声明数据需求dn.task.building.fusion.input（dn.task.building.fusion.input）。,{}
task_bundle.direct_request,task_bundle,declares_data_need,声明数据需求,dn.task.poi.fusion.input,data_need,Direct Task Request Bundle（task_bundle.direct_request）声明数据需求dn.task.poi.fusion.input（dn.task.poi.fusion.input）。,{}
task_bundle.direct_request,task_bundle,declares_data_need,声明数据需求,dn.task.road.fusion.input,data_need,Direct Task Request Bundle（task_bundle.direct_request）声明数据需求dn.task.road.fusion.input（dn.task.road.fusion.input）。,{}
task_bundle.direct_request,task_bundle,declares_data_need,声明数据需求,dn.task.water.fusion.input,data_need,Direct Task Request Bundle（task_bundle.direct_request）声明数据需求dn.task.water.fusion.input（dn.task.water.fusion.input）。,{}
task_bundle.direct_request,task_bundle,declares_data_need,声明数据需求,dn.task.waterways.fusion.input,data_need,Direct Task Request Bundle（task_bundle.direct_request）声明数据需求dn.task.waterways.fusion.input（dn.task.waterways.fusion.input）。,{}
task_bundle.earthquake.building_road,task_bundle,declares_data_need,声明数据需求,dn.task.building.fusion.input,data_need,Earthquake Building And Road Bundle（task_bundle.earthquake.building_road）声明数据需求dn.task.building.fusion.input（dn.task.building.fusion.input）。,{}
task_bundle.earthquake.building_road,task_bundle,declares_data_need,声明数据需求,dn.task.road.fusion.input,data_need,Earthquake Building And Road Bundle（task_bundle.earthquake.building_road）声明数据需求dn.task.road.fusion.input（dn.task.road.fusion.input）。,{}
task_bundle.flood.building_road,task_bundle,declares_data_need,声明数据需求,dn.task.building.fusion.input,data_need,Flood Building And Road Bundle（task_bundle.flood.building_road）声明数据需求dn.task.building.fusion.input（dn.task.building.fusion.input）。,{}
task_bundle.flood.building_road,task_bundle,declares_data_need,声明数据需求,dn.task.road.fusion.input,data_need,Flood Building And Road Bundle（task_bundle.flood.building_road）声明数据需求dn.task.road.fusion.input（dn.task.road.fusion.input）。,{}
task_bundle.typhoon.building_road,task_bundle,declares_data_need,声明数据需求,dn.task.building.fusion.input,data_need,Typhoon Building And Road Bundle（task_bundle.typhoon.building_road）声明数据需求dn.task.building.fusion.input（dn.task.building.fusion.input）。,{}
task_bundle.typhoon.building_road,task_bundle,declares_data_need,声明数据需求,dn.task.road.fusion.input,data_need,Typhoon Building And Road Bundle（task_bundle.typhoon.building_road）声明数据需求dn.task.road.fusion.input（dn.task.road.fusion.input）。,{}
scenario.default.task,scenario_profile,defaults_to_qos,默认服务质量策略,qos.task.default.v1,qos_policy,Default Direct Task Profile（scenario.default.task）默认服务质量策略Direct Task Default QoS（qos.task.default.v1）。,{}
scenario.earthquake.default,scenario_profile,defaults_to_qos,默认服务质量策略,qos.scenario.earthquake.v1,qos_policy,Earthquake Default Scenario（scenario.earthquake.default）默认服务质量策略Earthquake Default QoS（qos.scenario.earthquake.v1）。,{}
scenario.flood.default,scenario_profile,defaults_to_qos,默认服务质量策略,qos.scenario.flood.v1,qos_policy,Flood Default Scenario（scenario.flood.default）默认服务质量策略Flood Default QoS（qos.scenario.flood.v1）。,{}
scenario.typhoon.default,scenario_profile,defaults_to_qos,默认服务质量策略,qos.scenario.typhoon.v1,qos_policy,Typhoon Default Scenario（scenario.typhoon.default）默认服务质量策略Typhoon Default QoS（qos.scenario.typhoon.v1）。,{}
wp.building.drs4br.decomposed.v1,workflow_pattern,emits_output_type,输出数据类型,dt.building.conflict_optimized,data_type,FusionCode DRS4BR Decomposed Building Fusion（wp.building.drs4br.decomposed.v1）输出数据类型dt.building.conflict_optimized（dt.building.conflict_optimized）。,"{""step_order"": 11}"
wp.building.drs4br.decomposed.v1,workflow_pattern,emits_output_type,输出数据类型,dt.building.fused_raw,data_type,FusionCode DRS4BR Decomposed Building Fusion（wp.building.drs4br.decomposed.v1）输出数据类型dt.building.fused_raw（dt.building.fused_raw）。,"{""step_order"": 7}"
wp.building.drs4br.decomposed.v1,workflow_pattern,emits_output_type,输出数据类型,dt.building.height_enriched,data_type,FusionCode DRS4BR Decomposed Building Fusion（wp.building.drs4br.decomposed.v1）输出数据类型dt.building.height_enriched（dt.building.height_enriched）。,"{""step_order"": 12}"
wp.building.drs4br.decomposed.v1,workflow_pattern,emits_output_type,输出数据类型,dt.building.match_candidate_graph,data_type,FusionCode DRS4BR Decomposed Building Fusion（wp.building.drs4br.decomposed.v1）输出数据类型dt.building.match_candidate_graph（dt.building.match_candidate_graph）。,"{""step_order"": 4}"
wp.building.drs4br.decomposed.v1,workflow_pattern,emits_output_type,输出数据类型,dt.building.match_components,data_type,FusionCode DRS4BR Decomposed Building Fusion（wp.building.drs4br.decomposed.v1）输出数据类型dt.building.match_components（dt.building.match_components）。,"{""step_order"": 5}"
wp.building.drs4br.decomposed.v1,workflow_pattern,emits_output_type,输出数据类型,dt.building.normalized_set,data_type,FusionCode DRS4BR Decomposed Building Fusion（wp.building.drs4br.decomposed.v1）输出数据类型dt.building.normalized_set（dt.building.normalized_set）。,"{""step_order"": 2}"
wp.building.drs4br.decomposed.v1,workflow_pattern,emits_output_type,输出数据类型,dt.building.presence_validated_set,data_type,FusionCode DRS4BR Decomposed Building Fusion（wp.building.drs4br.decomposed.v1）输出数据类型dt.building.presence_validated_set（dt.building.presence_validated_set）。,"{""step_order"": 3}"
wp.building.drs4br.decomposed.v1,workflow_pattern,emits_output_type,输出数据类型,dt.building.quality_report,data_type,FusionCode DRS4BR Decomposed Building Fusion（wp.building.drs4br.decomposed.v1）输出数据类型dt.building.quality_report（dt.building.quality_report）。,"{""step_order"": 13}"
wp.building.drs4br.decomposed.v1,workflow_pattern,emits_output_type,输出数据类型,dt.building.road_topology_adjusted,data_type,FusionCode DRS4BR Decomposed Building Fusion（wp.building.drs4br.decomposed.v1）输出数据类型dt.building.road_topology_adjusted（dt.building.road_topology_adjusted）。,"{""step_order"": 8}"
wp.earthquake.building.default,workflow_pattern,emits_output_type,输出数据类型,dt.building.fused,data_type,Earthquake Building Fusion（wp.earthquake.building.default）输出数据类型dt.building.fused（dt.building.fused）。,"{""step_order"": 1}"
wp.earthquake.building.safe,workflow_pattern,emits_output_type,输出数据类型,dt.building.fused,data_type,Earthquake Building Fusion Safe Route（wp.earthquake.building.safe）输出数据类型dt.building.fused（dt.building.fused）。,"{""step_order"": 1}"
wp.flood.building.default,workflow_pattern,emits_output_type,输出数据类型,dt.building.fused,data_type,Flood Building Fusion（wp.flood.building.default）输出数据类型dt.building.fused（dt.building.fused）。,"{""step_order"": 1}"
wp.flood.building.safe,workflow_pattern,emits_output_type,输出数据类型,dt.building.fused,data_type,Flood Building Fusion Safe Route（wp.flood.building.safe）输出数据类型dt.building.fused（dt.building.fused）。,"{""step_order"": 1}"
wp.flood.road.default,workflow_pattern,emits_output_type,输出数据类型,dt.road.fused,data_type,Flood Road Conflation V7（wp.flood.road.default）输出数据类型dt.road.fused（dt.road.fused）。,"{""step_order"": 1}"
wp.flood.water.default,workflow_pattern,emits_output_type,输出数据类型,dt.water.fused,data_type,Flood Water Polygon Fusion（wp.flood.water.default）输出数据类型dt.water.fused（dt.water.fused）。,"{""step_order"": 1}"
wp.flood.water_polygon.default,workflow_pattern,emits_output_type,输出数据类型,dt.water.fused,data_type,Flood Water Polygon Priority Merge（wp.flood.water_polygon.default）输出数据类型dt.water.fused（dt.water.fused）。,"{""step_order"": 1}"
wp.flood.waterways.default,workflow_pattern,emits_output_type,输出数据类型,dt.waterways.fused,data_type,Flood Waterways Conflation V7（wp.flood.waterways.default）输出数据类型dt.waterways.fused（dt.waterways.fused）。,"{""step_order"": 1}"
wp.generic.poi.default,workflow_pattern,emits_output_type,输出数据类型,dt.poi.fused,data_type,Generic POI Fusion（wp.generic.poi.default）输出数据类型dt.poi.fused（dt.poi.fused）。,"{""step_order"": 1}"
wp.poi.fusioncode.geohash_priority.v1,workflow_pattern,emits_output_type,输出数据类型,dt.poi.fused,data_type,FusionCode POI Geohash Priority Fusion（wp.poi.fusioncode.geohash_priority.v1）输出数据类型dt.poi.fused（dt.poi.fused）。,"{""step_order"": 1}"
wp.road.fusioncode.conflation.v7,workflow_pattern,emits_output_type,输出数据类型,dt.road.fused,data_type,FusionCode V7 Road Conflation（wp.road.fusioncode.conflation.v7）输出数据类型dt.road.fused（dt.road.fused）。,"{""step_order"": 1}"
wp.typhoon.road.default,workflow_pattern,emits_output_type,输出数据类型,dt.road.fused,data_type,Typhoon Road Conflation V7（wp.typhoon.road.default）输出数据类型dt.road.fused（dt.road.fused）。,"{""step_order"": 1}"
wp.water_polygon.fusioncode.priority_merge.v2,workflow_pattern,emits_output_type,输出数据类型,dt.water.fused,data_type,FusionCode Water Polygon Priority Merge（wp.water_polygon.fusioncode.priority_merge.v2）输出数据类型dt.water.fused（dt.water.fused）。,"{""step_order"": 1}"
wp.waterways.fusioncode.conflation.v7,workflow_pattern,emits_output_type,输出数据类型,dt.waterways.fused,data_type,FusionCode V7 Waterways Conflation（wp.waterways.fusioncode.conflation.v7）输出数据类型dt.waterways.fused（dt.waterways.fused）。,"{""step_order"": 1}"
or.building.fused.v1,output_requirement,enforces_schema_policy,执行输出模式策略,osp.building.fused.v1,output_schema_policy,or.building.fused.v1（or.building.fused.v1）执行输出模式策略osp.building.fused.v1（osp.building.fused.v1）。,{}
or.poi.fused.v1,output_requirement,enforces_schema_policy,执行输出模式策略,osp.poi.fused.v1,output_schema_policy,or.poi.fused.v1（or.poi.fused.v1）执行输出模式策略osp.poi.fused.v1（osp.poi.fused.v1）。,{}
or.road.fused.v1,output_requirement,enforces_schema_policy,执行输出模式策略,osp.road.fused.v1,output_schema_policy,or.road.fused.v1（or.road.fused.v1）执行输出模式策略osp.road.fused.v1（osp.road.fused.v1）。,{}
or.water.fused.v1,output_requirement,enforces_schema_policy,执行输出模式策略,osp.water.fused.v1,output_schema_policy,or.water.fused.v1（or.water.fused.v1）执行输出模式策略osp.water.fused.v1（osp.water.fused.v1）。,{}
or.waterways.fused.v1,output_requirement,enforces_schema_policy,执行输出模式策略,osp.waterways.fused.v1,output_schema_policy,or.waterways.fused.v1（or.waterways.fused.v1）执行输出模式策略osp.waterways.fused.v1（osp.waterways.fused.v1）。,{}
task.building.fusion,task,has_data_need,具有数据需求,dn.task.building.fusion.input,data_need,Building Fusion（task.building.fusion）具有数据需求dn.task.building.fusion.input（dn.task.building.fusion.input）。,"{""direction"": ""consumes""}"
task.building.fusion,task,has_data_need,具有数据需求,dn.task.building.fusion.output,data_need,Building Fusion（task.building.fusion）具有数据需求dn.task.building.fusion.output（dn.task.building.fusion.output）。,"{""direction"": ""produces""}"
task.poi.fusion,task,has_data_need,具有数据需求,dn.task.poi.fusion.input,data_need,POI Fusion（task.poi.fusion）具有数据需求dn.task.poi.fusion.input（dn.task.poi.fusion.input）。,"{""direction"": ""consumes""}"
task.poi.fusion,task,has_data_need,具有数据需求,dn.task.poi.fusion.output,data_need,POI Fusion（task.poi.fusion）具有数据需求dn.task.poi.fusion.output（dn.task.poi.fusion.output）。,"{""direction"": ""produces""}"
task.road.fusion,task,has_data_need,具有数据需求,dn.task.road.fusion.input,data_need,Road Fusion（task.road.fusion）具有数据需求dn.task.road.fusion.input（dn.task.road.fusion.input）。,"{""direction"": ""consumes""}"
task.road.fusion,task,has_data_need,具有数据需求,dn.task.road.fusion.output,data_need,Road Fusion（task.road.fusion）具有数据需求dn.task.road.fusion.output（dn.task.road.fusion.output）。,"{""direction"": ""produces""}"
task.trajectory_to_road,task,has_data_need,具有数据需求,dn.task.trajectory_to_road.input,data_need,Trajectory To Road Candidate（task.trajectory_to_road）具有数据需求dn.task.trajectory_to_road.input（dn.task.trajectory_to_road.input）。,"{""direction"": ""consumes""}"
task.trajectory_to_road,task,has_data_need,具有数据需求,dn.task.trajectory_to_road.output,data_need,Trajectory To Road Candidate（task.trajectory_to_road）具有数据需求dn.task.trajectory_to_road.output（dn.task.trajectory_to_road.output）。,"{""direction"": ""produces""}"
task.water.fusion,task,has_data_need,具有数据需求,dn.task.water.fusion.input,data_need,Water Fusion（task.water.fusion）具有数据需求dn.task.water.fusion.input（dn.task.water.fusion.input）。,"{""direction"": ""consumes""}"
task.water.fusion,task,has_data_need,具有数据需求,dn.task.water.fusion.output,data_need,Water Fusion（task.water.fusion）具有数据需求dn.task.water.fusion.output（dn.task.water.fusion.output）。,"{""direction"": ""produces""}"
task.waterways.fusion,task,has_data_need,具有数据需求,dn.task.waterways.fusion.input,data_need,Waterways Fusion（task.waterways.fusion）具有数据需求dn.task.waterways.fusion.input（dn.task.waterways.fusion.input）。,"{""direction"": ""consumes""}"
task.waterways.fusion,task,has_data_need,具有数据需求,dn.task.waterways.fusion.output,data_need,Waterways Fusion（task.waterways.fusion）具有数据需求dn.task.waterways.fusion.output（dn.task.waterways.fusion.output）。,"{""direction"": ""produces""}"
algo.enrich.building.height_from_raster.v1,algorithm,has_parameter_spec,具有参数规范,ps.algo.enrich.building.height_from_raster.v1.height_output_field,parameter_spec,FusionCode Building Height From Raster（algo.enrich.building.height_from_raster.v1）具有参数规范Height Output Field（ps.algo.enrich.building.height_from_raster.v1.height_output_field）。,"{""parameter_key"": ""height_output_field""}"
algo.enrich.building.height_from_raster.v1,algorithm,has_parameter_spec,具有参数规范,ps.algo.enrich.building.height_from_raster.v1.n_jobs,parameter_spec,FusionCode Building Height From Raster（algo.enrich.building.height_from_raster.v1）具有参数规范N Jobs（ps.algo.enrich.building.height_from_raster.v1.n_jobs）。,"{""parameter_key"": ""n_jobs""}"
algo.enrich.building.height_from_raster.v1,algorithm,has_parameter_spec,具有参数规范,ps.algo.enrich.building.height_from_raster.v1.positive_only,parameter_spec,FusionCode Building Height From Raster（algo.enrich.building.height_from_raster.v1）具有参数规范Positive Only（ps.algo.enrich.building.height_from_raster.v1.positive_only）。,"{""parameter_key"": ""positive_only""}"
algo.fusion.building.safe,algorithm,has_parameter_spec,具有参数规范,ps.algo.fusion.building.safe.match_similarity_threshold,parameter_spec,Building Fusion Safe Fallback（algo.fusion.building.safe）具有参数规范Match Similarity Threshold（ps.algo.fusion.building.safe.match_similarity_threshold）。,"{""parameter_key"": ""match_similarity_threshold""}"
algo.fusion.building.safe,algorithm,has_parameter_spec,具有参数规范,ps.algo.fusion.building.safe.one_to_one_min_area_similarity,parameter_spec,Building Fusion Safe Fallback（algo.fusion.building.safe）具有参数规范One-to-One Min Area Similarity（ps.algo.fusion.building.safe.one_to_one_min_area_similarity）。,"{""parameter_key"": ""one_to_one_min_area_similarity""}"
algo.fusion.building.safe,algorithm,has_parameter_spec,具有参数规范,ps.algo.fusion.building.safe.one_to_one_min_overlap_similarity,parameter_spec,Building Fusion Safe Fallback（algo.fusion.building.safe）具有参数规范One-to-One Min Overlap Similarity（ps.algo.fusion.building.safe.one_to_one_min_overlap_similarity）。,"{""parameter_key"": ""one_to_one_min_overlap_similarity""}"
algo.fusion.building.safe,algorithm,has_parameter_spec,具有参数规范,ps.algo.fusion.building.safe.one_to_one_min_shape_similarity,parameter_spec,Building Fusion Safe Fallback（algo.fusion.building.safe）具有参数规范One-to-One Min Shape Similarity（ps.algo.fusion.building.safe.one_to_one_min_shape_similarity）。,"{""parameter_key"": ""one_to_one_min_shape_similarity""}"
algo.fusion.building.v1,algorithm,has_parameter_spec,具有参数规范,ps.algo.fusion.building.v1.match_similarity_threshold,parameter_spec,Building Fusion Legacy（algo.fusion.building.v1）具有参数规范Match Similarity Threshold（ps.algo.fusion.building.v1.match_similarity_threshold）。,"{""parameter_key"": ""match_similarity_threshold""}"
algo.fusion.building.v1,algorithm,has_parameter_spec,具有参数规范,ps.algo.fusion.building.v1.one_to_one_min_area_similarity,parameter_spec,Building Fusion Legacy（algo.fusion.building.v1）具有参数规范One-to-One Min Area Similarity（ps.algo.fusion.building.v1.one_to_one_min_area_similarity）。,"{""parameter_key"": ""one_to_one_min_area_similarity""}"
algo.fusion.building.v1,algorithm,has_parameter_spec,具有参数规范,ps.algo.fusion.building.v1.one_to_one_min_overlap_similarity,parameter_spec,Building Fusion Legacy（algo.fusion.building.v1）具有参数规范One-to-One Min Overlap Similarity（ps.algo.fusion.building.v1.one_to_one_min_overlap_similarity）。,"{""parameter_key"": ""one_to_one_min_overlap_similarity""}"
algo.fusion.building.v1,algorithm,has_parameter_spec,具有参数规范,ps.algo.fusion.building.v1.one_to_one_min_shape_similarity,parameter_spec,Building Fusion Legacy（algo.fusion.building.v1）具有参数规范One-to-One Min Shape Similarity（ps.algo.fusion.building.v1.one_to_one_min_shape_similarity）。,"{""parameter_key"": ""one_to_one_min_shape_similarity""}"
algo.fusion.poi.geohash_neighbor_match.v1,algorithm,has_parameter_spec,具有参数规范,ps.algo.fusion.poi.geohash_neighbor_match.v1.name_similarity_threshold,parameter_spec,FusionCode POI Geohash Neighbor Match（algo.fusion.poi.geohash_neighbor_match.v1）具有参数规范Name Similarity Threshold（ps.algo.fusion.poi.geohash_neighbor_match.v1.name_similarity_threshold）。,"{""parameter_key"": ""name_similarity_threshold""}"
algo.fusion.poi.geohash_neighbor_match.v1,algorithm,has_parameter_spec,具有参数规范,ps.algo.fusion.poi.geohash_neighbor_match.v1.neighbor_rings,parameter_spec,FusionCode POI Geohash Neighbor Match（algo.fusion.poi.geohash_neighbor_match.v1）具有参数规范Neighbor Rings（ps.algo.fusion.poi.geohash_neighbor_match.v1.neighbor_rings）。,"{""parameter_key"": ""neighbor_rings""}"
algo.fusion.road.conflation.v7,algorithm,has_parameter_spec,具有参数规范,ps.algo.fusion.road.conflation.v7.angle_threshold,parameter_spec,FusionCode V7 Road Conflation（algo.fusion.road.conflation.v7）具有参数规范Angle Threshold（ps.algo.fusion.road.conflation.v7.angle_threshold）。,"{""parameter_key"": ""angle_threshold""}"
algo.fusion.road.conflation.v7,algorithm,has_parameter_spec,具有参数规范,ps.algo.fusion.road.conflation.v7.cleanup_mode,parameter_spec,FusionCode V7 Road Conflation（algo.fusion.road.conflation.v7）具有参数规范Cleanup Mode（ps.algo.fusion.road.conflation.v7.cleanup_mode）。,"{""parameter_key"": ""cleanup_mode""}"
algo.fusion.road.conflation.v7,algorithm,has_parameter_spec,具有参数规范,ps.algo.fusion.road.conflation.v7.crossing_coverage_threshold,parameter_spec,FusionCode V7 Road Conflation（algo.fusion.road.conflation.v7）具有参数规范Crossing Coverage Threshold（ps.algo.fusion.road.conflation.v7.crossing_coverage_threshold）。,"{""parameter_key"": ""crossing_coverage_threshold""}"
algo.fusion.road.conflation.v7,algorithm,has_parameter_spec,具有参数规范,ps.algo.fusion.road.conflation.v7.duplicate_buffer_dist,parameter_spec,FusionCode V7 Road Conflation（algo.fusion.road.conflation.v7）具有参数规范Duplicate Buffer Dist（ps.algo.fusion.road.conflation.v7.duplicate_buffer_dist）。,"{""parameter_key"": ""duplicate_buffer_dist""}"
algo.fusion.road.conflation.v7,algorithm,has_parameter_spec,具有参数规范,ps.algo.fusion.road.conflation.v7.duplicate_coverage_threshold,parameter_spec,FusionCode V7 Road Conflation（algo.fusion.road.conflation.v7）具有参数规范Duplicate Coverage Threshold（ps.algo.fusion.road.conflation.v7.duplicate_coverage_threshold）。,"{""parameter_key"": ""duplicate_coverage_threshold""}"
algo.fusion.road.conflation.v7,algorithm,has_parameter_spec,具有参数规范,ps.algo.fusion.road.conflation.v7.loose_angle_threshold,parameter_spec,FusionCode V7 Road Conflation（algo.fusion.road.conflation.v7）具有参数规范Loose Angle Threshold（ps.algo.fusion.road.conflation.v7.loose_angle_threshold）。,"{""parameter_key"": ""loose_angle_threshold""}"
algo.fusion.road.conflation.v7,algorithm,has_parameter_spec,具有参数规范,ps.algo.fusion.road.conflation.v7.match_buffer_dist,parameter_spec,FusionCode V7 Road Conflation（algo.fusion.road.conflation.v7）具有参数规范Match Buffer Dist（ps.algo.fusion.road.conflation.v7.match_buffer_dist）。,"{""parameter_key"": ""match_buffer_dist""}"
algo.fusion.road.conflation.v7,algorithm,has_parameter_spec,具有参数规范,ps.algo.fusion.road.conflation.v7.max_hausdorff,parameter_spec,FusionCode V7 Road Conflation（algo.fusion.road.conflation.v7）具有参数规范Max Hausdorff（ps.algo.fusion.road.conflation.v7.max_hausdorff）。,"{""parameter_key"": ""max_hausdorff""}"
algo.fusion.road.conflation.v7,algorithm,has_parameter_spec,具有参数规范,ps.algo.fusion.road.conflation.v7.max_segment_length,parameter_spec,FusionCode V7 Road Conflation（algo.fusion.road.conflation.v7）具有参数规范Max Segment Length（ps.algo.fusion.road.conflation.v7.max_segment_length）。,"{""parameter_key"": ""max_segment_length""}"
algo.fusion.road.conflation.v7,algorithm,has_parameter_spec,具有参数规范,ps.algo.fusion.road.conflation.v7.min_len_similarity,parameter_spec,FusionCode V7 Road Conflation（algo.fusion.road.conflation.v7）具有参数规范Min Len Similarity（ps.algo.fusion.road.conflation.v7.min_len_similarity）。,"{""parameter_key"": ""min_len_similarity""}"
algo.fusion.road.conflation.v7,algorithm,has_parameter_spec,具有参数规范,ps.algo.fusion.road.conflation.v7.min_residual_length,parameter_spec,FusionCode V7 Road Conflation（algo.fusion.road.conflation.v7）具有参数规范Min Residual Length（ps.algo.fusion.road.conflation.v7.min_residual_length）。,"{""parameter_key"": ""min_residual_length""}"
algo.fusion.road.conflation.v7,algorithm,has_parameter_spec,具有参数规范,ps.algo.fusion.road.conflation.v7.min_supplement_coverage_for_matched,parameter_spec,FusionCode V7 Road Conflation（algo.fusion.road.conflation.v7）具有参数规范Min Supplement Coverage For Matched（ps.algo.fusion.road.conflation.v7.min_supplement_coverage_for_matched）。,"{""parameter_key"": ""min_supplement_coverage_for_matched""}"
algo.fusion.road.conflation.v7,algorithm,has_parameter_spec,具有参数规范,ps.algo.fusion.road.conflation.v7.near_base_return_coverage_threshold,parameter_spec,FusionCode V7 Road Conflation（algo.fusion.road.conflation.v7）具有参数规范Near Base Return Coverage Threshold（ps.algo.fusion.road.conflation.v7.near_base_return_coverage_threshold）。,"{""parameter_key"": ""near_base_return_coverage_threshold""}"
algo.fusion.road.conflation.v7,algorithm,has_parameter_spec,具有参数规范,ps.algo.fusion.road.conflation.v7.output_crs,parameter_spec,FusionCode V7 Road Conflation（algo.fusion.road.conflation.v7）具有参数规范Output Crs（ps.algo.fusion.road.conflation.v7.output_crs）。,"{""parameter_key"": ""output_crs""}"
algo.fusion.road.conflation.v7,algorithm,has_parameter_spec,具有参数规范,ps.algo.fusion.road.conflation.v7.preserve_matched_supplement_residuals,parameter_spec,FusionCode V7 Road Conflation（algo.fusion.road.conflation.v7）具有参数规范Preserve Matched Supplement Residuals（ps.algo.fusion.road.conflation.v7.preserve_matched_supplement_residuals）。,"{""parameter_key"": ""preserve_matched_supplement_residuals""}"
algo.fusion.road.conflation.v7,algorithm,has_parameter_spec,具有参数规范,ps.algo.fusion.road.conflation.v7.profile,parameter_spec,FusionCode V7 Road Conflation（algo.fusion.road.conflation.v7）具有参数规范Profile（ps.algo.fusion.road.conflation.v7.profile）。,"{""parameter_key"": ""profile""}"
algo.fusion.road.conflation.v7,algorithm,has_parameter_spec,具有参数规范,ps.algo.fusion.road.conflation.v7.target_crs,parameter_spec,FusionCode V7 Road Conflation（algo.fusion.road.conflation.v7）具有参数规范Target Crs（ps.algo.fusion.road.conflation.v7.target_crs）。,"{""parameter_key"": ""target_crs""}"
algo.fusion.road.safe,algorithm,has_parameter_spec,具有参数规范,ps.algo.fusion.road.safe.angle_threshold_deg,parameter_spec,Road Fusion Safe Fallback (Deprecated)（algo.fusion.road.safe）具有参数规范Split Angle Threshold（ps.algo.fusion.road.safe.angle_threshold_deg）。,"{""parameter_key"": ""angle_threshold_deg""}"
algo.fusion.road.safe,algorithm,has_parameter_spec,具有参数规范,ps.algo.fusion.road.safe.dedupe_buffer_m,parameter_spec,Road Fusion Safe Fallback (Deprecated)（algo.fusion.road.safe）具有参数规范Dedupe Buffer Distance（ps.algo.fusion.road.safe.dedupe_buffer_m）。,"{""parameter_key"": ""dedupe_buffer_m""}"
algo.fusion.road.safe,algorithm,has_parameter_spec,具有参数规范,ps.algo.fusion.road.safe.match_buffer_m,parameter_spec,Road Fusion Safe Fallback (Deprecated)（algo.fusion.road.safe）具有参数规范Match Buffer Distance（ps.algo.fusion.road.safe.match_buffer_m）。,"{""parameter_key"": ""match_buffer_m""}"
algo.fusion.road.safe,algorithm,has_parameter_spec,具有参数规范,ps.algo.fusion.road.safe.max_hausdorff_m,parameter_spec,Road Fusion Safe Fallback (Deprecated)（algo.fusion.road.safe）具有参数规范Max Hausdorff Distance（ps.algo.fusion.road.safe.max_hausdorff_m）。,"{""parameter_key"": ""max_hausdorff_m""}"
algo.fusion.road.safe,algorithm,has_parameter_spec,具有参数规范,ps.algo.fusion.road.safe.snap_tolerance_m,parameter_spec,Road Fusion Safe Fallback (Deprecated)（algo.fusion.road.safe）具有参数规范Snap Tolerance（ps.algo.fusion.road.safe.snap_tolerance_m）。,"{""parameter_key"": ""snap_tolerance_m""}"
algo.fusion.road.v1,algorithm,has_parameter_spec,具有参数规范,ps.algo.fusion.road.v1.angle_threshold_deg,parameter_spec,Road Fusion Legacy (Deprecated)（algo.fusion.road.v1）具有参数规范Split Angle Threshold（ps.algo.fusion.road.v1.angle_threshold_deg）。,"{""parameter_key"": ""angle_threshold_deg""}"
algo.fusion.road.v1,algorithm,has_parameter_spec,具有参数规范,ps.algo.fusion.road.v1.dedupe_buffer_m,parameter_spec,Road Fusion Legacy (Deprecated)（algo.fusion.road.v1）具有参数规范Dedupe Buffer Distance（ps.algo.fusion.road.v1.dedupe_buffer_m）。,"{""parameter_key"": ""dedupe_buffer_m""}"
algo.fusion.road.v1,algorithm,has_parameter_spec,具有参数规范,ps.algo.fusion.road.v1.match_buffer_m,parameter_spec,Road Fusion Legacy (Deprecated)（algo.fusion.road.v1）具有参数规范Match Buffer Distance（ps.algo.fusion.road.v1.match_buffer_m）。,"{""parameter_key"": ""match_buffer_m""}"
algo.fusion.road.v1,algorithm,has_parameter_spec,具有参数规范,ps.algo.fusion.road.v1.max_hausdorff_m,parameter_spec,Road Fusion Legacy (Deprecated)（algo.fusion.road.v1）具有参数规范Max Hausdorff Distance（ps.algo.fusion.road.v1.max_hausdorff_m）。,"{""parameter_key"": ""max_hausdorff_m""}"
algo.fusion.road.v1,algorithm,has_parameter_spec,具有参数规范,ps.algo.fusion.road.v1.snap_tolerance_m,parameter_spec,Road Fusion Legacy (Deprecated)（algo.fusion.road.v1）具有参数规范Snap Tolerance（ps.algo.fusion.road.v1.snap_tolerance_m）。,"{""parameter_key"": ""snap_tolerance_m""}"
algo.fusion.water_polygon.priority_merge.v2,algorithm,has_parameter_spec,具有参数规范,ps.algo.fusion.water_polygon.priority_merge.v2.overlap_threshold,parameter_spec,FusionCode Water Polygon Priority Merge（algo.fusion.water_polygon.priority_merge.v2）具有参数规范Overlap Threshold（ps.algo.fusion.water_polygon.priority_merge.v2.overlap_threshold）。,"{""parameter_key"": ""overlap_threshold""}"
algo.fusion.waterways.conflation.v7,algorithm,has_parameter_spec,具有参数规范,ps.algo.fusion.waterways.conflation.v7.angle_threshold,parameter_spec,FusionCode V7 Waterways Conflation（algo.fusion.waterways.conflation.v7）具有参数规范Angle Threshold（ps.algo.fusion.waterways.conflation.v7.angle_threshold）。,"{""parameter_key"": ""angle_threshold""}"
algo.fusion.waterways.conflation.v7,algorithm,has_parameter_spec,具有参数规范,ps.algo.fusion.waterways.conflation.v7.cleanup_mode,parameter_spec,FusionCode V7 Waterways Conflation（algo.fusion.waterways.conflation.v7）具有参数规范Cleanup Mode（ps.algo.fusion.waterways.conflation.v7.cleanup_mode）。,"{""parameter_key"": ""cleanup_mode""}"
algo.fusion.waterways.conflation.v7,algorithm,has_parameter_spec,具有参数规范,ps.algo.fusion.waterways.conflation.v7.crossing_corridor_dist,parameter_spec,FusionCode V7 Waterways Conflation（algo.fusion.waterways.conflation.v7）具有参数规范Crossing Corridor Dist（ps.algo.fusion.waterways.conflation.v7.crossing_corridor_dist）。,"{""parameter_key"": ""crossing_corridor_dist""}"
algo.fusion.waterways.conflation.v7,algorithm,has_parameter_spec,具有参数规范,ps.algo.fusion.waterways.conflation.v7.duplicate_buffer_dist,parameter_spec,FusionCode V7 Waterways Conflation（algo.fusion.waterways.conflation.v7）具有参数规范Duplicate Buffer Dist（ps.algo.fusion.waterways.conflation.v7.duplicate_buffer_dist）。,"{""parameter_key"": ""duplicate_buffer_dist""}"
algo.fusion.waterways.conflation.v7,algorithm,has_parameter_spec,具有参数规范,ps.algo.fusion.waterways.conflation.v7.loose_angle_threshold,parameter_spec,FusionCode V7 Waterways Conflation（algo.fusion.waterways.conflation.v7）具有参数规范Loose Angle Threshold（ps.algo.fusion.waterways.conflation.v7.loose_angle_threshold）。,"{""parameter_key"": ""loose_angle_threshold""}"
algo.fusion.waterways.conflation.v7,algorithm,has_parameter_spec,具有参数规范,ps.algo.fusion.waterways.conflation.v7.match_buffer_dist,parameter_spec,FusionCode V7 Waterways Conflation（algo.fusion.waterways.conflation.v7）具有参数规范Match Buffer Dist（ps.algo.fusion.waterways.conflation.v7.match_buffer_dist）。,"{""parameter_key"": ""match_buffer_dist""}"
algo.fusion.waterways.conflation.v7,algorithm,has_parameter_spec,具有参数规范,ps.algo.fusion.waterways.conflation.v7.max_hausdorff,parameter_spec,FusionCode V7 Waterways Conflation（algo.fusion.waterways.conflation.v7）具有参数规范Max Hausdorff（ps.algo.fusion.waterways.conflation.v7.max_hausdorff）。,"{""parameter_key"": ""max_hausdorff""}"
algo.fusion.waterways.conflation.v7,algorithm,has_parameter_spec,具有参数规范,ps.algo.fusion.waterways.conflation.v7.max_segment_length,parameter_spec,FusionCode V7 Waterways Conflation（algo.fusion.waterways.conflation.v7）具有参数规范Max Segment Length（ps.algo.fusion.waterways.conflation.v7.max_segment_length）。,"{""parameter_key"": ""max_segment_length""}"
algo.fusion.waterways.conflation.v7,algorithm,has_parameter_spec,具有参数规范,ps.algo.fusion.waterways.conflation.v7.min_len_similarity,parameter_spec,FusionCode V7 Waterways Conflation（algo.fusion.waterways.conflation.v7）具有参数规范Min Len Similarity（ps.algo.fusion.waterways.conflation.v7.min_len_similarity）。,"{""parameter_key"": ""min_len_similarity""}"
algo.fusion.waterways.conflation.v7,algorithm,has_parameter_spec,具有参数规范,ps.algo.fusion.waterways.conflation.v7.min_residual_length,parameter_spec,FusionCode V7 Waterways Conflation（algo.fusion.waterways.conflation.v7）具有参数规范Min Residual Length（ps.algo.fusion.waterways.conflation.v7.min_residual_length）。,"{""parameter_key"": ""min_residual_length""}"
algo.fusion.waterways.conflation.v7,algorithm,has_parameter_spec,具有参数规范,ps.algo.fusion.waterways.conflation.v7.min_supplement_coverage_for_matched,parameter_spec,FusionCode V7 Waterways Conflation（algo.fusion.waterways.conflation.v7）具有参数规范Min Supplement Coverage For Matched（ps.algo.fusion.waterways.conflation.v7.min_supplement_coverage_for_matched）。,"{""parameter_key"": ""min_supplement_coverage_for_matched""}"
algo.fusion.waterways.conflation.v7,algorithm,has_parameter_spec,具有参数规范,ps.algo.fusion.waterways.conflation.v7.near_base_return_corridor_dist,parameter_spec,FusionCode V7 Waterways Conflation（algo.fusion.waterways.conflation.v7）具有参数规范Near Base Return Corridor Dist（ps.algo.fusion.waterways.conflation.v7.near_base_return_corridor_dist）。,"{""parameter_key"": ""near_base_return_corridor_dist""}"
algo.fusion.waterways.conflation.v7,algorithm,has_parameter_spec,具有参数规范,ps.algo.fusion.waterways.conflation.v7.output_crs,parameter_spec,FusionCode V7 Waterways Conflation（algo.fusion.waterways.conflation.v7）具有参数规范Output Crs（ps.algo.fusion.waterways.conflation.v7.output_crs）。,"{""parameter_key"": ""output_crs""}"
algo.fusion.waterways.conflation.v7,algorithm,has_parameter_spec,具有参数规范,ps.algo.fusion.waterways.conflation.v7.target_crs,parameter_spec,FusionCode V7 Waterways Conflation（algo.fusion.waterways.conflation.v7）具有参数规范Target Crs（ps.algo.fusion.waterways.conflation.v7.target_crs）。,"{""parameter_key"": ""target_crs""}"
algo.match.building.v8_component_solver.v1,algorithm,has_parameter_spec,具有参数规范,ps.algo.match.building.v8_component_solver.v1.source_priority_order,parameter_spec,FusionCode V8 Building Component Solver（algo.match.building.v8_component_solver.v1）具有参数规范Source Priority Order（ps.algo.match.building.v8_component_solver.v1.source_priority_order）。,"{""parameter_key"": ""source_priority_order""}"
algo.match.building.v8_component_solver.v1,algorithm,has_parameter_spec,具有参数规范,ps.algo.match.building.v8_component_solver.v1.thresh_1_to_1,parameter_spec,FusionCode V8 Building Component Solver（algo.match.building.v8_component_solver.v1）具有参数规范Thresh 1 To 1（ps.algo.match.building.v8_component_solver.v1.thresh_1_to_1）。,"{""parameter_key"": ""thresh_1_to_1""}"
algo.match.building.v8_component_solver.v1,algorithm,has_parameter_spec,具有参数规范,ps.algo.match.building.v8_component_solver.v1.thresh_1_to_N,parameter_spec,FusionCode V8 Building Component Solver（algo.match.building.v8_component_solver.v1）具有参数规范Thresh 1 To N（ps.algo.match.building.v8_component_solver.v1.thresh_1_to_N）。,"{""parameter_key"": ""thresh_1_to_N""}"
algo.match.building.v8_component_solver.v1,algorithm,has_parameter_spec,具有参数规范,ps.algo.match.building.v8_component_solver.v1.thresh_M_to_N,parameter_spec,FusionCode V8 Building Component Solver（algo.match.building.v8_component_solver.v1）具有参数规范Thresh M To N（ps.algo.match.building.v8_component_solver.v1.thresh_M_to_N）。,"{""parameter_key"": ""thresh_M_to_N""}"
algo.match.building.v8_component_solver.v1,algorithm,has_parameter_spec,具有参数规范,ps.algo.match.building.v8_component_solver.v1.weak_min_cover,parameter_spec,FusionCode V8 Building Component Solver（algo.match.building.v8_component_solver.v1）具有参数规范Weak Min Cover（ps.algo.match.building.v8_component_solver.v1.weak_min_cover）。,"{""parameter_key"": ""weak_min_cover""}"
algo.match.building.v8_component_solver.v1,algorithm,has_parameter_spec,具有参数规范,ps.algo.match.building.v8_component_solver.v1.weak_min_iou,parameter_spec,FusionCode V8 Building Component Solver（algo.match.building.v8_component_solver.v1）具有参数规范Weak Min Iou（ps.algo.match.building.v8_component_solver.v1.weak_min_iou）。,"{""parameter_key"": ""weak_min_iou""}"
algo.optimize.building.conflict_graph.v1,algorithm,has_parameter_spec,具有参数规范,ps.algo.optimize.building.conflict_graph.v1.global_max_shift,parameter_spec,FusionCode Building Conflict Graph Optimization（algo.optimize.building.conflict_graph.v1）具有参数规范Global Max Shift（ps.algo.optimize.building.conflict_graph.v1.global_max_shift）。,"{""parameter_key"": ""global_max_shift""}"
algo.optimize.building.conflict_graph.v1,algorithm,has_parameter_spec,具有参数规范,ps.algo.optimize.building.conflict_graph.v1.max_outer_iterations,parameter_spec,FusionCode Building Conflict Graph Optimization（algo.optimize.building.conflict_graph.v1）具有参数规范Max Outer Iterations（ps.algo.optimize.building.conflict_graph.v1.max_outer_iterations）。,"{""parameter_key"": ""max_outer_iterations""}"
algo.optimize.building.conflict_graph.v1,algorithm,has_parameter_spec,具有参数规范,ps.algo.optimize.building.conflict_graph.v1.overlap_delete_threshold,parameter_spec,FusionCode Building Conflict Graph Optimization（algo.optimize.building.conflict_graph.v1）具有参数规范Overlap Delete Threshold（ps.algo.optimize.building.conflict_graph.v1.overlap_delete_threshold）。,"{""parameter_key"": ""overlap_delete_threshold""}"
algo.optimize.building.conflict_graph.v1,algorithm,has_parameter_spec,具有参数规范,ps.algo.optimize.building.conflict_graph.v1.road_buffer_width,parameter_spec,FusionCode Building Conflict Graph Optimization（algo.optimize.building.conflict_graph.v1）具有参数规范Road Buffer Width（ps.algo.optimize.building.conflict_graph.v1.road_buffer_width）。,"{""parameter_key"": ""road_buffer_width""}"
algo.optimize.building.conflict_graph.v1,algorithm,has_parameter_spec,具有参数规范,ps.algo.optimize.building.conflict_graph.v1.w_road_expulsion,parameter_spec,FusionCode Building Conflict Graph Optimization（algo.optimize.building.conflict_graph.v1）具有参数规范W Road Expulsion（ps.algo.optimize.building.conflict_graph.v1.w_road_expulsion）。,"{""parameter_key"": ""w_road_expulsion""}"
algo.refine.building.post_conflict_shrink.v1,algorithm,has_parameter_spec,具有参数规范,ps.algo.refine.building.post_conflict_shrink.v1.post_shrink_scale_cap_pct,parameter_spec,FusionCode Building Post Conflict Shrink（algo.refine.building.post_conflict_shrink.v1）具有参数规范Post Shrink Scale Cap Pct（ps.algo.refine.building.post_conflict_shrink.v1.post_shrink_scale_cap_pct）。,"{""parameter_key"": ""post_shrink_scale_cap_pct""}"
algo.refine.building.post_conflict_shrink.v1,algorithm,has_parameter_spec,具有参数规范,ps.algo.refine.building.post_conflict_shrink.v1.post_shrink_threshold_m2,parameter_spec,FusionCode Building Post Conflict Shrink（algo.refine.building.post_conflict_shrink.v1）具有参数规范Post Shrink Threshold M2（ps.algo.refine.building.post_conflict_shrink.v1.post_shrink_threshold_m2）。,"{""parameter_key"": ""post_shrink_threshold_m2""}"
algo.validate.building.presence_raster.v1,algorithm,has_parameter_spec,具有参数规范,ps.algo.validate.building.presence_raster.v1.confirmed_score_threshold,parameter_spec,FusionCode Building Presence Raster Validation（algo.validate.building.presence_raster.v1）具有参数规范Confirmed Score Threshold（ps.algo.validate.building.presence_raster.v1.confirmed_score_threshold）。,"{""parameter_key"": ""confirmed_score_threshold""}"
algo.validate.building.presence_raster.v1,algorithm,has_parameter_spec,具有参数规范,ps.algo.validate.building.presence_raster.v1.prob_threshold,parameter_spec,FusionCode Building Presence Raster Validation（algo.validate.building.presence_raster.v1）具有参数规范Prob Threshold（ps.algo.validate.building.presence_raster.v1.prob_threshold）。,"{""parameter_key"": ""prob_threshold""}"
algo.validate.building.presence_raster.v1,algorithm,has_parameter_spec,具有参数规范,ps.algo.validate.building.presence_raster.v1.search_dist_m,parameter_spec,FusionCode Building Presence Raster Validation（algo.validate.building.presence_raster.v1）具有参数规范Search Dist M（ps.algo.validate.building.presence_raster.v1.search_dist_m）。,"{""parameter_key"": ""search_dist_m""}"
algo.validate.building.presence_raster.v1,algorithm,has_parameter_spec,具有参数规范,ps.algo.validate.building.presence_raster.v1.uncertain_score_threshold,parameter_spec,FusionCode Building Presence Raster Validation（algo.validate.building.presence_raster.v1）具有参数规范Uncertain Score Threshold（ps.algo.validate.building.presence_raster.v1.uncertain_score_threshold）。,"{""parameter_key"": ""uncertain_score_threshold""}"
contract.product.building.v1,product_contract,orchestrated_by,由任务包编排,task_bundle.direct_request,task_bundle,Fused Building Footprint Product（contract.product.building.v1）由任务包编排Direct Task Request Bundle（task_bundle.direct_request）。,{}
contract.product.building.v1,product_contract,orchestrated_by,由任务包编排,task_bundle.earthquake.building_road,task_bundle,Fused Building Footprint Product（contract.product.building.v1）由任务包编排Earthquake Building And Road Bundle（task_bundle.earthquake.building_road）。,{}
contract.product.building.v1,product_contract,orchestrated_by,由任务包编排,task_bundle.flood.building_road,task_bundle,Fused Building Footprint Product（contract.product.building.v1）由任务包编排Flood Building And Road Bundle（task_bundle.flood.building_road）。,{}
contract.product.building.v1,product_contract,orchestrated_by,由任务包编排,task_bundle.typhoon.building_road,task_bundle,Fused Building Footprint Product（contract.product.building.v1）由任务包编排Typhoon Building And Road Bundle（task_bundle.typhoon.building_road）。,{}
contract.product.emergency_vector_bundle.v1,product_contract,orchestrated_by,由任务包编排,task_bundle.direct_request,task_bundle,Emergency Multi-Layer Vector Product Bundle（contract.product.emergency_vector_bundle.v1）由任务包编排Direct Task Request Bundle（task_bundle.direct_request）。,{}
contract.product.poi.v1,product_contract,orchestrated_by,由任务包编排,task_bundle.direct_request,task_bundle,Fused Point-of-Interest Product（contract.product.poi.v1）由任务包编排Direct Task Request Bundle（task_bundle.direct_request）。,{}
contract.product.road.v1,product_contract,orchestrated_by,由任务包编排,task_bundle.direct_request,task_bundle,Fused Road Network Product（contract.product.road.v1）由任务包编排Direct Task Request Bundle（task_bundle.direct_request）。,{}
contract.product.road.v1,product_contract,orchestrated_by,由任务包编排,task_bundle.earthquake.building_road,task_bundle,Fused Road Network Product（contract.product.road.v1）由任务包编排Earthquake Building And Road Bundle（task_bundle.earthquake.building_road）。,{}
contract.product.road.v1,product_contract,orchestrated_by,由任务包编排,task_bundle.flood.building_road,task_bundle,Fused Road Network Product（contract.product.road.v1）由任务包编排Flood Building And Road Bundle（task_bundle.flood.building_road）。,{}
contract.product.road.v1,product_contract,orchestrated_by,由任务包编排,task_bundle.typhoon.building_road,task_bundle,Fused Road Network Product（contract.product.road.v1）由任务包编排Typhoon Building And Road Bundle（task_bundle.typhoon.building_road）。,{}
contract.product.water_polygon.v1,product_contract,orchestrated_by,由任务包编排,task_bundle.direct_request,task_bundle,Fused Polygonal Surface-Water Product（contract.product.water_polygon.v1）由任务包编排Direct Task Request Bundle（task_bundle.direct_request）。,{}
contract.product.waterways.v1,product_contract,orchestrated_by,由任务包编排,task_bundle.direct_request,task_bundle,Fused Linear Hydrography Product（contract.product.waterways.v1）由任务包编排Direct Task Request Bundle（task_bundle.direct_request）。,{}
algo.assess.building.quality_metrics.v1,algorithm,produces_data_type,产出数据类型,dt.building.quality_report,data_type,FusionCode Building Quality Metrics（algo.assess.building.quality_metrics.v1）产出数据类型dt.building.quality_report（dt.building.quality_report）。,{}
algo.clip.raster.tile.v1,algorithm,produces_data_type,产出数据类型,dt.raster.building_presence,data_type,Raster Tile Clip Reserved（algo.clip.raster.tile.v1）产出数据类型dt.raster.building_presence（dt.raster.building_presence）。,{}
algo.detect.spatial_conflicts.v1,algorithm,produces_data_type,产出数据类型,dt.building.quality_report,data_type,FusionCode Spatial Conflict Detection（algo.detect.spatial_conflicts.v1）产出数据类型dt.building.quality_report（dt.building.quality_report）。,{}
algo.enrich.building.height_from_raster.reserved,algorithm,produces_data_type,产出数据类型,dt.building.fused,data_type,Building Height Enrichment From Raster Reserved（algo.enrich.building.height_from_raster.reserved）产出数据类型dt.building.fused（dt.building.fused）。,{}
algo.enrich.building.height_from_raster.v1,algorithm,produces_data_type,产出数据类型,dt.building.height_enriched,data_type,FusionCode Building Height From Raster（algo.enrich.building.height_from_raster.v1）产出数据类型dt.building.height_enriched（dt.building.height_enriched）。,{}
algo.enrich.building.obm_attributes.v1,algorithm,produces_data_type,产出数据类型,dt.building.normalized_set,data_type,FusionCode OBM Attribute Enrichment（algo.enrich.building.obm_attributes.v1）产出数据类型dt.building.normalized_set（dt.building.normalized_set）。,{}
algo.fusion.building.cascade_geometry_priority.v1,algorithm,produces_data_type,产出数据类型,dt.building.fused_raw,data_type,FusionCode Cascaded Geometry Priority Building Fusion（algo.fusion.building.cascade_geometry_priority.v1）产出数据类型dt.building.fused_raw（dt.building.fused_raw）。,{}
algo.fusion.building.multi_source.decomposed.v1,algorithm,produces_data_type,产出数据类型,dt.building.fused,data_type,FusionCode Decomposed Multi-Source Building Fusion（algo.fusion.building.multi_source.decomposed.v1）产出数据类型dt.building.fused（dt.building.fused）。,{}
algo.fusion.building.multi_source.reserved,algorithm,produces_data_type,产出数据类型,dt.building.fused,data_type,Multi-Source Building Fusion Reserved（algo.fusion.building.multi_source.reserved）产出数据类型dt.building.fused（dt.building.fused）。,{}
algo.fusion.building.safe,algorithm,produces_data_type,产出数据类型,dt.building.fused,data_type,Building Fusion Safe Fallback（algo.fusion.building.safe）产出数据类型dt.building.fused（dt.building.fused）。,{}
algo.fusion.building.v1,algorithm,produces_data_type,产出数据类型,dt.building.fused,data_type,Building Fusion Legacy（algo.fusion.building.v1）产出数据类型dt.building.fused（dt.building.fused）。,{}
algo.fusion.poi.geohash_neighbor_match.v1,algorithm,produces_data_type,产出数据类型,dt.poi.fused,data_type,FusionCode POI Geohash Neighbor Match（algo.fusion.poi.geohash_neighbor_match.v1）产出数据类型dt.poi.fused（dt.poi.fused）。,{}
algo.fusion.poi.v1,algorithm,produces_data_type,产出数据类型,dt.poi.fused,data_type,POI Fusion（algo.fusion.poi.v1）产出数据类型dt.poi.fused（dt.poi.fused）。,{}
algo.fusion.road.conflation.v7,algorithm,produces_data_type,产出数据类型,dt.road.fused,data_type,FusionCode V7 Road Conflation（algo.fusion.road.conflation.v7）产出数据类型dt.road.fused（dt.road.fused）。,{}
algo.fusion.road.safe,algorithm,produces_data_type,产出数据类型,dt.road.fused,data_type,Road Fusion Safe Fallback (Deprecated)（algo.fusion.road.safe）产出数据类型dt.road.fused（dt.road.fused）。,{}
algo.fusion.road.v1,algorithm,produces_data_type,产出数据类型,dt.road.fused,data_type,Road Fusion Legacy (Deprecated)（algo.fusion.road.v1）产出数据类型dt.road.fused（dt.road.fused）。,{}
algo.fusion.water.v1,algorithm,produces_data_type,产出数据类型,dt.water.fused,data_type,Water Polygon Fusion (Deprecated)（algo.fusion.water.v1）产出数据类型dt.water.fused（dt.water.fused）。,{}
algo.fusion.water_polygon.priority_merge.v2,algorithm,produces_data_type,产出数据类型,dt.water.fused,data_type,FusionCode Water Polygon Priority Merge（algo.fusion.water_polygon.priority_merge.v2）产出数据类型dt.water.fused（dt.water.fused）。,{}
algo.fusion.waterways.conflation.v7,algorithm,produces_data_type,产出数据类型,dt.waterways.fused,data_type,FusionCode V7 Waterways Conflation（algo.fusion.waterways.conflation.v7）产出数据类型dt.waterways.fused（dt.waterways.fused）。,{}
algo.match.building.v8_candidate_graph.v1,algorithm,produces_data_type,产出数据类型,dt.building.match_candidate_graph,data_type,FusionCode V8 Building Candidate Graph（algo.match.building.v8_candidate_graph.v1）产出数据类型dt.building.match_candidate_graph（dt.building.match_candidate_graph）。,{}
algo.match.building.v8_component_solver.v1,algorithm,produces_data_type,产出数据类型,dt.building.match_components,data_type,FusionCode V8 Building Component Solver（algo.match.building.v8_component_solver.v1）产出数据类型dt.building.match_components（dt.building.match_components）。,{}
algo.merge.building.tiles.reserved,algorithm,produces_data_type,产出数据类型,dt.building.fused,data_type,Building Tile Merge Reserved（algo.merge.building.tiles.reserved）产出数据类型dt.building.fused（dt.building.fused）。,{}
algo.optimize.building.conflict_graph.v1,algorithm,produces_data_type,产出数据类型,dt.building.conflict_optimized,data_type,FusionCode Building Conflict Graph Optimization（algo.optimize.building.conflict_graph.v1）产出数据类型dt.building.conflict_optimized（dt.building.conflict_optimized）。,{}
algo.optimize.road.topology_for_buildings.v1,algorithm,produces_data_type,产出数据类型,dt.building.road_topology_adjusted,data_type,FusionCode Road Topology For Buildings（algo.optimize.road.topology_for_buildings.v1）产出数据类型dt.building.road_topology_adjusted（dt.building.road_topology_adjusted）。,{}
algo.partition.aoi.grid.v1,algorithm,produces_data_type,产出数据类型,dt.partition.tile_manifest,data_type,AOI Grid Partition Reserved（algo.partition.aoi.grid.v1）产出数据类型dt.partition.tile_manifest（dt.partition.tile_manifest）。,{}
algo.preprocess.building.source_normalize.v1,algorithm,produces_data_type,产出数据类型,dt.building.normalized_set,data_type,FusionCode Building Source Normalize（algo.preprocess.building.source_normalize.v1）产出数据类型dt.building.normalized_set（dt.building.normalized_set）。,{}
algo.refine.building.post_conflict_shrink.v1,algorithm,produces_data_type,产出数据类型,dt.building.conflict_optimized,data_type,FusionCode Building Post Conflict Shrink（algo.refine.building.post_conflict_shrink.v1）产出数据类型dt.building.conflict_optimized（dt.building.conflict_optimized）。,{}
algo.refine.building.road_tail.v1,algorithm,produces_data_type,产出数据类型,dt.building.conflict_optimized,data_type,FusionCode Road Tail Building Refinement（algo.refine.building.road_tail.v1）产出数据类型dt.building.conflict_optimized（dt.building.conflict_optimized）。,{}
algo.resolve.building.residual_priority.v1,algorithm,produces_data_type,产出数据类型,dt.building.fused_raw,data_type,FusionCode Residual Priority Conflict Resolution（algo.resolve.building.residual_priority.v1）产出数据类型dt.building.fused_raw（dt.building.fused_raw）。,{}
algo.transform.raw_to_building_bundle,algorithm,produces_data_type,产出数据类型,dt.building.bundle,data_type,Raw Vector to Building Bundle（algo.transform.raw_to_building_bundle）产出数据类型dt.building.bundle（dt.building.bundle）。,{}
algo.transform.raw_to_road_bundle,algorithm,produces_data_type,产出数据类型,dt.road.bundle,data_type,Raw Vector to Road Bundle（algo.transform.raw_to_road_bundle）产出数据类型dt.road.bundle（dt.road.bundle）。,{}
algo.transform.trajectory_to_road_candidate,algorithm,produces_data_type,产出数据类型,dt.road.candidate,data_type,Trajectory To Road Candidate Reserved Seam（algo.transform.trajectory_to_road_candidate）产出数据类型dt.road.candidate（dt.road.candidate）。,{}
algo.validate.building.presence_raster.v1,algorithm,produces_data_type,产出数据类型,dt.building.presence_validated_set,data_type,FusionCode Building Presence Raster Validation（algo.validate.building.presence_raster.v1）产出数据类型dt.building.presence_validated_set（dt.building.presence_validated_set）。,{}
dn.task.building.fusion.input,data_need,refers_to_data_type,指向数据类型,dt.building.bundle,data_type,dn.task.building.fusion.input（dn.task.building.fusion.input）指向数据类型dt.building.bundle（dt.building.bundle）。,"{""direction"": ""consumes""}"
dn.task.building.fusion.output,data_need,refers_to_data_type,指向数据类型,dt.building.fused,data_type,dn.task.building.fusion.output（dn.task.building.fusion.output）指向数据类型dt.building.fused（dt.building.fused）。,"{""direction"": ""produces""}"
dn.task.poi.fusion.input,data_need,refers_to_data_type,指向数据类型,dt.poi.bundle,data_type,dn.task.poi.fusion.input（dn.task.poi.fusion.input）指向数据类型dt.poi.bundle（dt.poi.bundle）。,"{""direction"": ""consumes""}"
dn.task.poi.fusion.output,data_need,refers_to_data_type,指向数据类型,dt.poi.fused,data_type,dn.task.poi.fusion.output（dn.task.poi.fusion.output）指向数据类型dt.poi.fused（dt.poi.fused）。,"{""direction"": ""produces""}"
dn.task.road.fusion.input,data_need,refers_to_data_type,指向数据类型,dt.road.bundle,data_type,dn.task.road.fusion.input（dn.task.road.fusion.input）指向数据类型dt.road.bundle（dt.road.bundle）。,"{""direction"": ""consumes""}"
dn.task.road.fusion.output,data_need,refers_to_data_type,指向数据类型,dt.road.fused,data_type,dn.task.road.fusion.output（dn.task.road.fusion.output）指向数据类型dt.road.fused（dt.road.fused）。,"{""direction"": ""produces""}"
dn.task.trajectory_to_road.input,data_need,refers_to_data_type,指向数据类型,dt.trajectory.raw,data_type,dn.task.trajectory_to_road.input（dn.task.trajectory_to_road.input）指向数据类型dt.trajectory.raw（dt.trajectory.raw）。,"{""direction"": ""consumes""}"
dn.task.trajectory_to_road.output,data_need,refers_to_data_type,指向数据类型,dt.road.candidate,data_type,dn.task.trajectory_to_road.output（dn.task.trajectory_to_road.output）指向数据类型dt.road.candidate（dt.road.candidate）。,"{""direction"": ""produces""}"
dn.task.water.fusion.input,data_need,refers_to_data_type,指向数据类型,dt.water.bundle,data_type,dn.task.water.fusion.input（dn.task.water.fusion.input）指向数据类型dt.water.bundle（dt.water.bundle）。,"{""direction"": ""consumes""}"
dn.task.water.fusion.output,data_need,refers_to_data_type,指向数据类型,dt.water.fused,data_type,dn.task.water.fusion.output（dn.task.water.fusion.output）指向数据类型dt.water.fused（dt.water.fused）。,"{""direction"": ""produces""}"
dn.task.waterways.fusion.input,data_need,refers_to_data_type,指向数据类型,dt.waterways.bundle,data_type,dn.task.waterways.fusion.input（dn.task.waterways.fusion.input）指向数据类型dt.waterways.bundle（dt.waterways.bundle）。,"{""direction"": ""consumes""}"
dn.task.waterways.fusion.output,data_need,refers_to_data_type,指向数据类型,dt.waterways.fused,data_type,dn.task.waterways.fusion.output（dn.task.waterways.fusion.output）指向数据类型dt.waterways.fused（dt.waterways.fused）。,"{""direction"": ""produces""}"
task_bundle.direct_request,task_bundle,requests_task,请求任务,task.building.fusion,task,Direct Task Request Bundle（task_bundle.direct_request）请求任务Building Fusion（task.building.fusion）。,{}
task_bundle.direct_request,task_bundle,requests_task,请求任务,task.poi.fusion,task,Direct Task Request Bundle（task_bundle.direct_request）请求任务POI Fusion（task.poi.fusion）。,{}
task_bundle.direct_request,task_bundle,requests_task,请求任务,task.road.fusion,task,Direct Task Request Bundle（task_bundle.direct_request）请求任务Road Fusion（task.road.fusion）。,{}
task_bundle.direct_request,task_bundle,requests_task,请求任务,task.water.fusion,task,Direct Task Request Bundle（task_bundle.direct_request）请求任务Water Fusion（task.water.fusion）。,{}
task_bundle.direct_request,task_bundle,requests_task,请求任务,task.waterways.fusion,task,Direct Task Request Bundle（task_bundle.direct_request）请求任务Waterways Fusion（task.waterways.fusion）。,{}
task_bundle.earthquake.building_road,task_bundle,requests_task,请求任务,task.building.fusion,task,Earthquake Building And Road Bundle（task_bundle.earthquake.building_road）请求任务Building Fusion（task.building.fusion）。,{}
task_bundle.earthquake.building_road,task_bundle,requests_task,请求任务,task.road.fusion,task,Earthquake Building And Road Bundle（task_bundle.earthquake.building_road）请求任务Road Fusion（task.road.fusion）。,{}
task_bundle.flood.building_road,task_bundle,requests_task,请求任务,task.building.fusion,task,Flood Building And Road Bundle（task_bundle.flood.building_road）请求任务Building Fusion（task.building.fusion）。,{}
task_bundle.flood.building_road,task_bundle,requests_task,请求任务,task.road.fusion,task,Flood Building And Road Bundle（task_bundle.flood.building_road）请求任务Road Fusion（task.road.fusion）。,{}
task_bundle.typhoon.building_road,task_bundle,requests_task,请求任务,task.building.fusion,task,Typhoon Building And Road Bundle（task_bundle.typhoon.building_road）请求任务Building Fusion（task.building.fusion）。,{}
task_bundle.typhoon.building_road,task_bundle,requests_task,请求任务,task.road.fusion,task,Typhoon Building And Road Bundle（task_bundle.typhoon.building_road）请求任务Road Fusion（task.road.fusion）。,{}
wp.building.drs4br.decomposed.v1,workflow_pattern,requires_input_type,需要输入类型,dt.building.conflict_optimized,data_type,FusionCode DRS4BR Decomposed Building Fusion（wp.building.drs4br.decomposed.v1）需要输入类型dt.building.conflict_optimized（dt.building.conflict_optimized）。,"{""step_order"": 12}"
wp.building.drs4br.decomposed.v1,workflow_pattern,requires_input_type,需要输入类型,dt.building.fused_raw,data_type,FusionCode DRS4BR Decomposed Building Fusion（wp.building.drs4br.decomposed.v1）需要输入类型dt.building.fused_raw（dt.building.fused_raw）。,"{""step_order"": 8}"
wp.building.drs4br.decomposed.v1,workflow_pattern,requires_input_type,需要输入类型,dt.building.height_enriched,data_type,FusionCode DRS4BR Decomposed Building Fusion（wp.building.drs4br.decomposed.v1）需要输入类型dt.building.height_enriched（dt.building.height_enriched）。,"{""step_order"": 13}"
wp.building.drs4br.decomposed.v1,workflow_pattern,requires_input_type,需要输入类型,dt.building.match_candidate_graph,data_type,FusionCode DRS4BR Decomposed Building Fusion（wp.building.drs4br.decomposed.v1）需要输入类型dt.building.match_candidate_graph（dt.building.match_candidate_graph）。,"{""step_order"": 5}"
wp.building.drs4br.decomposed.v1,workflow_pattern,requires_input_type,需要输入类型,dt.building.match_components,data_type,FusionCode DRS4BR Decomposed Building Fusion（wp.building.drs4br.decomposed.v1）需要输入类型dt.building.match_components（dt.building.match_components）。,"{""step_order"": 6}"
wp.building.drs4br.decomposed.v1,workflow_pattern,requires_input_type,需要输入类型,dt.building.normalized_set,data_type,FusionCode DRS4BR Decomposed Building Fusion（wp.building.drs4br.decomposed.v1）需要输入类型dt.building.normalized_set（dt.building.normalized_set）。,"{""step_order"": 3}"
wp.building.drs4br.decomposed.v1,workflow_pattern,requires_input_type,需要输入类型,dt.building.presence_validated_set,data_type,FusionCode DRS4BR Decomposed Building Fusion（wp.building.drs4br.decomposed.v1）需要输入类型dt.building.presence_validated_set（dt.building.presence_validated_set）。,"{""step_order"": 4}"
wp.building.drs4br.decomposed.v1,workflow_pattern,requires_input_type,需要输入类型,dt.building.road_topology_adjusted,data_type,FusionCode DRS4BR Decomposed Building Fusion（wp.building.drs4br.decomposed.v1）需要输入类型dt.building.road_topology_adjusted（dt.building.road_topology_adjusted）。,"{""step_order"": 9}"
wp.building.drs4br.decomposed.v1,workflow_pattern,requires_input_type,需要输入类型,dt.building.source_set,data_type,FusionCode DRS4BR Decomposed Building Fusion（wp.building.drs4br.decomposed.v1）需要输入类型dt.building.source_set（dt.building.source_set）。,"{""step_order"": 1}"
wp.earthquake.building.default,workflow_pattern,requires_input_type,需要输入类型,dt.building.bundle,data_type,Earthquake Building Fusion（wp.earthquake.building.default）需要输入类型dt.building.bundle（dt.building.bundle）。,"{""step_order"": 1}"
wp.earthquake.building.safe,workflow_pattern,requires_input_type,需要输入类型,dt.building.bundle,data_type,Earthquake Building Fusion Safe Route（wp.earthquake.building.safe）需要输入类型dt.building.bundle（dt.building.bundle）。,"{""step_order"": 1}"
wp.flood.building.default,workflow_pattern,requires_input_type,需要输入类型,dt.building.bundle,data_type,Flood Building Fusion（wp.flood.building.default）需要输入类型dt.building.bundle（dt.building.bundle）。,"{""step_order"": 1}"
wp.flood.building.safe,workflow_pattern,requires_input_type,需要输入类型,dt.building.bundle,data_type,Flood Building Fusion Safe Route（wp.flood.building.safe）需要输入类型dt.building.bundle（dt.building.bundle）。,"{""step_order"": 1}"
wp.flood.road.default,workflow_pattern,requires_input_type,需要输入类型,dt.road.bundle,data_type,Flood Road Conflation V7（wp.flood.road.default）需要输入类型dt.road.bundle（dt.road.bundle）。,"{""step_order"": 1}"
wp.flood.water.default,workflow_pattern,requires_input_type,需要输入类型,dt.water.bundle,data_type,Flood Water Polygon Fusion（wp.flood.water.default）需要输入类型dt.water.bundle（dt.water.bundle）。,"{""step_order"": 1}"
wp.flood.water_polygon.default,workflow_pattern,requires_input_type,需要输入类型,dt.water.bundle,data_type,Flood Water Polygon Priority Merge（wp.flood.water_polygon.default）需要输入类型dt.water.bundle（dt.water.bundle）。,"{""step_order"": 1}"
wp.flood.waterways.default,workflow_pattern,requires_input_type,需要输入类型,dt.waterways.bundle,data_type,Flood Waterways Conflation V7（wp.flood.waterways.default）需要输入类型dt.waterways.bundle（dt.waterways.bundle）。,"{""step_order"": 1}"
wp.generic.poi.default,workflow_pattern,requires_input_type,需要输入类型,dt.poi.bundle,data_type,Generic POI Fusion（wp.generic.poi.default）需要输入类型dt.poi.bundle（dt.poi.bundle）。,"{""step_order"": 1}"
wp.poi.fusioncode.geohash_priority.v1,workflow_pattern,requires_input_type,需要输入类型,dt.poi.bundle,data_type,FusionCode POI Geohash Priority Fusion（wp.poi.fusioncode.geohash_priority.v1）需要输入类型dt.poi.bundle（dt.poi.bundle）。,"{""step_order"": 1}"
wp.road.fusioncode.conflation.v7,workflow_pattern,requires_input_type,需要输入类型,dt.road.bundle,data_type,FusionCode V7 Road Conflation（wp.road.fusioncode.conflation.v7）需要输入类型dt.road.bundle（dt.road.bundle）。,"{""step_order"": 1}"
wp.typhoon.road.default,workflow_pattern,requires_input_type,需要输入类型,dt.road.bundle,data_type,Typhoon Road Conflation V7（wp.typhoon.road.default）需要输入类型dt.road.bundle（dt.road.bundle）。,"{""step_order"": 1}"
wp.water_polygon.fusioncode.priority_merge.v2,workflow_pattern,requires_input_type,需要输入类型,dt.water.bundle,data_type,FusionCode Water Polygon Priority Merge（wp.water_polygon.fusioncode.priority_merge.v2）需要输入类型dt.water.bundle（dt.water.bundle）。,"{""step_order"": 1}"
wp.waterways.fusioncode.conflation.v7,workflow_pattern,requires_input_type,需要输入类型,dt.waterways.bundle,data_type,FusionCode V7 Waterways Conflation（wp.waterways.fusioncode.conflation.v7）需要输入类型dt.waterways.bundle（dt.waterways.bundle）。,"{""step_order"": 1}"
contract.product.building.v1,product_contract,requires_output_requirement,需要输出要求,or.building.fused.v1,output_requirement,Fused Building Footprint Product（contract.product.building.v1）需要输出要求or.building.fused.v1（or.building.fused.v1）。,"{""criticality"": ""required"", ""layer_kind"": ""building""}"
contract.product.emergency_vector_bundle.v1,product_contract,requires_output_requirement,需要输出要求,or.building.fused.v1,output_requirement,Emergency Multi-Layer Vector Product Bundle（contract.product.emergency_vector_bundle.v1）需要输出要求or.building.fused.v1（or.building.fused.v1）。,"{""criticality"": ""scenario_defined"", ""layer_kind"": ""building""}"
contract.product.emergency_vector_bundle.v1,product_contract,requires_output_requirement,需要输出要求,or.poi.fused.v1,output_requirement,Emergency Multi-Layer Vector Product Bundle（contract.product.emergency_vector_bundle.v1）需要输出要求or.poi.fused.v1（or.poi.fused.v1）。,"{""criticality"": ""scenario_defined"", ""layer_kind"": ""poi""}"
contract.product.emergency_vector_bundle.v1,product_contract,requires_output_requirement,需要输出要求,or.road.fused.v1,output_requirement,Emergency Multi-Layer Vector Product Bundle（contract.product.emergency_vector_bundle.v1）需要输出要求or.road.fused.v1（or.road.fused.v1）。,"{""criticality"": ""scenario_defined"", ""layer_kind"": ""road""}"
contract.product.emergency_vector_bundle.v1,product_contract,requires_output_requirement,需要输出要求,or.water.fused.v1,output_requirement,Emergency Multi-Layer Vector Product Bundle（contract.product.emergency_vector_bundle.v1）需要输出要求or.water.fused.v1（or.water.fused.v1）。,"{""criticality"": ""scenario_defined"", ""layer_kind"": ""water_polygon""}"
contract.product.emergency_vector_bundle.v1,product_contract,requires_output_requirement,需要输出要求,or.waterways.fused.v1,output_requirement,Emergency Multi-Layer Vector Product Bundle（contract.product.emergency_vector_bundle.v1）需要输出要求or.waterways.fused.v1（or.waterways.fused.v1）。,"{""criticality"": ""scenario_defined"", ""layer_kind"": ""waterways""}"
contract.product.poi.v1,product_contract,requires_output_requirement,需要输出要求,or.poi.fused.v1,output_requirement,Fused Point-of-Interest Product（contract.product.poi.v1）需要输出要求or.poi.fused.v1（or.poi.fused.v1）。,"{""criticality"": ""required"", ""layer_kind"": ""poi""}"
contract.product.road.v1,product_contract,requires_output_requirement,需要输出要求,or.road.fused.v1,output_requirement,Fused Road Network Product（contract.product.road.v1）需要输出要求or.road.fused.v1（or.road.fused.v1）。,"{""criticality"": ""required"", ""layer_kind"": ""road""}"
contract.product.water_polygon.v1,product_contract,requires_output_requirement,需要输出要求,or.water.fused.v1,output_requirement,Fused Polygonal Surface-Water Product（contract.product.water_polygon.v1）需要输出要求or.water.fused.v1（or.water.fused.v1）。,"{""criticality"": ""required"", ""layer_kind"": ""water_polygon""}"
contract.product.waterways.v1,product_contract,requires_output_requirement,需要输出要求,or.waterways.fused.v1,output_requirement,Fused Linear Hydrography Product（contract.product.waterways.v1）需要输出要求or.waterways.fused.v1（or.waterways.fused.v1）。,"{""criticality"": ""required"", ""layer_kind"": ""waterways""}"
contract.product.building.v1,product_contract,requires_task,需要任务,task.building.fusion,task,Fused Building Footprint Product（contract.product.building.v1）需要任务Building Fusion（task.building.fusion）。,{}
contract.product.emergency_vector_bundle.v1,product_contract,requires_task,需要任务,task.building.fusion,task,Emergency Multi-Layer Vector Product Bundle（contract.product.emergency_vector_bundle.v1）需要任务Building Fusion（task.building.fusion）。,{}
contract.product.emergency_vector_bundle.v1,product_contract,requires_task,需要任务,task.poi.fusion,task,Emergency Multi-Layer Vector Product Bundle（contract.product.emergency_vector_bundle.v1）需要任务POI Fusion（task.poi.fusion）。,{}
contract.product.emergency_vector_bundle.v1,product_contract,requires_task,需要任务,task.road.fusion,task,Emergency Multi-Layer Vector Product Bundle（contract.product.emergency_vector_bundle.v1）需要任务Road Fusion（task.road.fusion）。,{}
contract.product.emergency_vector_bundle.v1,product_contract,requires_task,需要任务,task.water.fusion,task,Emergency Multi-Layer Vector Product Bundle（contract.product.emergency_vector_bundle.v1）需要任务Water Fusion（task.water.fusion）。,{}
contract.product.emergency_vector_bundle.v1,product_contract,requires_task,需要任务,task.waterways.fusion,task,Emergency Multi-Layer Vector Product Bundle（contract.product.emergency_vector_bundle.v1）需要任务Waterways Fusion（task.waterways.fusion）。,{}
contract.product.poi.v1,product_contract,requires_task,需要任务,task.poi.fusion,task,Fused Point-of-Interest Product（contract.product.poi.v1）需要任务POI Fusion（task.poi.fusion）。,{}
contract.product.road.v1,product_contract,requires_task,需要任务,task.road.fusion,task,Fused Road Network Product（contract.product.road.v1）需要任务Road Fusion（task.road.fusion）。,{}
contract.product.water_polygon.v1,product_contract,requires_task,需要任务,task.water.fusion,task,Fused Polygonal Surface-Water Product（contract.product.water_polygon.v1）需要任务Water Fusion（task.water.fusion）。,{}
contract.product.waterways.v1,product_contract,requires_task,需要任务,task.waterways.fusion,task,Fused Linear Hydrography Product（contract.product.waterways.v1）需要任务Waterways Fusion（task.waterways.fusion）。,{}
wp.building.drs4br.decomposed.v1,workflow_pattern,solves_task,解决任务,task.building.fusion,task,FusionCode DRS4BR Decomposed Building Fusion（wp.building.drs4br.decomposed.v1）解决任务Building Fusion（task.building.fusion）。,{}
wp.earthquake.building.default,workflow_pattern,solves_task,解决任务,task.building.fusion,task,Earthquake Building Fusion（wp.earthquake.building.default）解决任务Building Fusion（task.building.fusion）。,{}
wp.earthquake.building.safe,workflow_pattern,solves_task,解决任务,task.building.fusion,task,Earthquake Building Fusion Safe Route（wp.earthquake.building.safe）解决任务Building Fusion（task.building.fusion）。,{}
wp.flood.building.default,workflow_pattern,solves_task,解决任务,task.building.fusion,task,Flood Building Fusion（wp.flood.building.default）解决任务Building Fusion（task.building.fusion）。,{}
wp.flood.building.safe,workflow_pattern,solves_task,解决任务,task.building.fusion,task,Flood Building Fusion Safe Route（wp.flood.building.safe）解决任务Building Fusion（task.building.fusion）。,{}
wp.flood.road.default,workflow_pattern,solves_task,解决任务,task.road.fusion,task,Flood Road Conflation V7（wp.flood.road.default）解决任务Road Fusion（task.road.fusion）。,{}
wp.flood.water.default,workflow_pattern,solves_task,解决任务,task.water.fusion,task,Flood Water Polygon Fusion（wp.flood.water.default）解决任务Water Fusion（task.water.fusion）。,{}
wp.flood.water_polygon.default,workflow_pattern,solves_task,解决任务,task.water.fusion,task,Flood Water Polygon Priority Merge（wp.flood.water_polygon.default）解决任务Water Fusion（task.water.fusion）。,{}
wp.flood.waterways.default,workflow_pattern,solves_task,解决任务,task.water.fusion,task,Flood Waterways Conflation V7（wp.flood.waterways.default）解决任务Water Fusion（task.water.fusion）。,{}
wp.generic.poi.default,workflow_pattern,solves_task,解决任务,task.poi.fusion,task,Generic POI Fusion（wp.generic.poi.default）解决任务POI Fusion（task.poi.fusion）。,{}
wp.poi.fusioncode.geohash_priority.v1,workflow_pattern,solves_task,解决任务,task.poi.fusion,task,FusionCode POI Geohash Priority Fusion（wp.poi.fusioncode.geohash_priority.v1）解决任务POI Fusion（task.poi.fusion）。,{}
wp.road.fusioncode.conflation.v7,workflow_pattern,solves_task,解决任务,task.road.fusion,task,FusionCode V7 Road Conflation（wp.road.fusioncode.conflation.v7）解决任务Road Fusion（task.road.fusion）。,{}
wp.typhoon.road.default,workflow_pattern,solves_task,解决任务,task.road.fusion,task,Typhoon Road Conflation V7（wp.typhoon.road.default）解决任务Road Fusion（task.road.fusion）。,{}
wp.water_polygon.fusioncode.priority_merge.v2,workflow_pattern,solves_task,解决任务,task.water.fusion,task,FusionCode Water Polygon Priority Merge（wp.water_polygon.fusioncode.priority_merge.v2）解决任务Water Fusion（task.water.fusion）。,{}
wp.waterways.fusioncode.conflation.v7,workflow_pattern,solves_task,解决任务,task.water.fusion,task,FusionCode V7 Waterways Conflation（wp.waterways.fusioncode.conflation.v7）解决任务Water Fusion（task.water.fusion）。,{}
catalog.earthquake.building,data_source,supports_data_type,支持数据类型,dt.building.bundle,data_type,Earthquake Building Bundle (OSM + Microsoft)（catalog.earthquake.building）支持数据类型dt.building.bundle（dt.building.bundle）。,{}
catalog.earthquake.road,data_source,supports_data_type,支持数据类型,dt.road.bundle,data_type,Earthquake Road Bundle (OSM + Microsoft)（catalog.earthquake.road）支持数据类型dt.road.bundle（dt.road.bundle）。,{}
catalog.flood.building,data_source,supports_data_type,支持数据类型,dt.building.bundle,data_type,Flood Building Bundle (OSM + Microsoft)（catalog.flood.building）支持数据类型dt.building.bundle（dt.building.bundle）。,{}
catalog.flood.road,data_source,supports_data_type,支持数据类型,dt.road.bundle,data_type,Flood Road Bundle (OSM + Microsoft)（catalog.flood.road）支持数据类型dt.road.bundle（dt.road.bundle）。,{}
catalog.flood.water,data_source,supports_data_type,支持数据类型,dt.water.bundle,data_type,Flood Water Bundle (OSM + HydroLAKES)（catalog.flood.water）支持数据类型dt.water.bundle（dt.water.bundle）。,{}
catalog.flood.water_polygon,data_source,supports_data_type,支持数据类型,dt.water.bundle,data_type,Flood Water Polygon Bundle (OSM + HydroLAKES)（catalog.flood.water_polygon）支持数据类型dt.water.bundle（dt.water.bundle）。,{}
catalog.flood.waterways,data_source,supports_data_type,支持数据类型,dt.waterways.bundle,data_type,Flood Waterways Bundle (OSM + Pakistan Local Waterways)（catalog.flood.waterways）支持数据类型dt.waterways.bundle（dt.waterways.bundle）。,{}
catalog.generic.poi,data_source,supports_data_type,支持数据类型,dt.poi.bundle,data_type,Generic POI Bundle (OSM + GNS)（catalog.generic.poi）支持数据类型dt.poi.bundle（dt.poi.bundle）。,{}
catalog.typhoon.road,data_source,supports_data_type,支持数据类型,dt.road.bundle,data_type,Typhoon Road Bundle (OSM + Microsoft)（catalog.typhoon.road）支持数据类型dt.road.bundle（dt.road.bundle）。,{}
raw.gns.poi,data_source,supports_data_type,支持数据类型,dt.raw.vector,data_type,GNS Place Names（raw.gns.poi）支持数据类型dt.raw.vector（dt.raw.vector）。,{}
raw.google.building,data_source,supports_data_type,支持数据类型,dt.raw.vector,data_type,Google Open Buildings（raw.google.building）支持数据类型dt.raw.vector（dt.raw.vector）。,{}
raw.google.building_height.raster,data_source,supports_data_type,支持数据类型,dt.raster.building_height,data_type,Google Building Height Raster（raw.google.building_height.raster）支持数据类型dt.raster.building_height（dt.raster.building_height）。,{}
raw.google.building_presence.raster,data_source,supports_data_type,支持数据类型,dt.raster.building_presence,data_type,Google Building Presence Raster（raw.google.building_presence.raster）支持数据类型dt.raster.building_presence（dt.raster.building_presence）。,{}
raw.google.open_buildings.vector,data_source,supports_data_type,支持数据类型,dt.raw.vector,data_type,Google Open Buildings Vector（raw.google.open_buildings.vector）支持数据类型dt.raw.vector（dt.raw.vector）。,{}
raw.google.poi,data_source,supports_data_type,支持数据类型,dt.raw.vector,data_type,Google Places POI（raw.google.poi）支持数据类型dt.raw.vector（dt.raw.vector）。,{}
raw.hydrolakes.water,data_source,supports_data_type,支持数据类型,dt.raw.vector,data_type,HydroLAKES（raw.hydrolakes.water）支持数据类型dt.raw.vector（dt.raw.vector）。,{}
raw.hydrorivers.water,data_source,supports_data_type,支持数据类型,dt.raw.vector,data_type,HydroRIVERS（raw.hydrorivers.water）支持数据类型dt.raw.vector（dt.raw.vector）。,{}
raw.local.microsoft.building,data_source,supports_data_type,支持数据类型,dt.raw.vector,data_type,Local Microsoft Building Footprints（raw.local.microsoft.building）支持数据类型dt.raw.vector（dt.raw.vector）。,{}
raw.local.pakistan.waterways,data_source,supports_data_type,支持数据类型,dt.raw.vector,data_type,Pakistan Local Waterways（raw.local.pakistan.waterways）支持数据类型dt.raw.vector（dt.raw.vector）。,{}
raw.local.water,data_source,supports_data_type,支持数据类型,dt.raw.vector,data_type,Local Open Water Sample（raw.local.water）支持数据类型dt.raw.vector（dt.raw.vector）。,{}
raw.microsoft.building,data_source,supports_data_type,支持数据类型,dt.raw.vector,data_type,Microsoft Building Footprints（raw.microsoft.building）支持数据类型dt.raw.vector（dt.raw.vector）。,{}
raw.microsoft.road,data_source,supports_data_type,支持数据类型,dt.raw.vector,data_type,Microsoft Road Network（raw.microsoft.road）支持数据类型dt.raw.vector（dt.raw.vector）。,{}
raw.openbuildingmap.building,data_source,supports_data_type,支持数据类型,dt.raw.vector,data_type,OpenBuildingMap Building Footprints（raw.openbuildingmap.building）支持数据类型dt.raw.vector（dt.raw.vector）。,{}
raw.osm.building,data_source,supports_data_type,支持数据类型,dt.raw.vector,data_type,OSM Building Footprints（raw.osm.building）支持数据类型dt.raw.vector（dt.raw.vector）。,{}
raw.osm.poi,data_source,supports_data_type,支持数据类型,dt.raw.vector,data_type,OSM Points Of Interest（raw.osm.poi）支持数据类型dt.raw.vector（dt.raw.vector）。,{}
raw.osm.road,data_source,supports_data_type,支持数据类型,dt.raw.vector,data_type,OSM Road Network（raw.osm.road）支持数据类型dt.raw.vector（dt.raw.vector）。,{}
raw.osm.water,data_source,supports_data_type,支持数据类型,dt.raw.vector,data_type,OSM Water Features（raw.osm.water）支持数据类型dt.raw.vector（dt.raw.vector）。,{}
raw.osm.waterways,data_source,supports_data_type,支持数据类型,dt.raw.vector,data_type,OSM Waterways（raw.osm.waterways）支持数据类型dt.raw.vector（dt.raw.vector）。,{}
raw.overture.road,data_source,supports_data_type,支持数据类型,dt.raw.vector,data_type,Overture Transportation Extract（raw.overture.road）支持数据类型dt.raw.vector（dt.raw.vector）。,{}
raw.overture.transportation,data_source,supports_data_type,支持数据类型,dt.raw.vector,data_type,Overture Transportation Segments（raw.overture.transportation）支持数据类型dt.raw.vector（dt.raw.vector）。,{}
raw.rh.poi,data_source,supports_data_type,支持数据类型,dt.raw.vector,data_type,RH Points Of Interest（raw.rh.poi）支持数据类型dt.raw.vector（dt.raw.vector）。,{}
upload.bundle,data_source,supports_data_type,支持数据类型,dt.building.bundle,data_type,Uploaded Bundle（upload.bundle）支持数据类型dt.building.bundle（dt.building.bundle）。,{}
upload.bundle,data_source,supports_data_type,支持数据类型,dt.building.conflict_optimized,data_type,Uploaded Bundle（upload.bundle）支持数据类型dt.building.conflict_optimized（dt.building.conflict_optimized）。,{}
upload.bundle,data_source,supports_data_type,支持数据类型,dt.building.fused_raw,data_type,Uploaded Bundle（upload.bundle）支持数据类型dt.building.fused_raw（dt.building.fused_raw）。,{}
upload.bundle,data_source,supports_data_type,支持数据类型,dt.building.normalized_set,data_type,Uploaded Bundle（upload.bundle）支持数据类型dt.building.normalized_set（dt.building.normalized_set）。,{}
upload.bundle,data_source,supports_data_type,支持数据类型,dt.building.presence_validated_set,data_type,Uploaded Bundle（upload.bundle）支持数据类型dt.building.presence_validated_set（dt.building.presence_validated_set）。,{}
upload.bundle,data_source,supports_data_type,支持数据类型,dt.building.source_set,data_type,Uploaded Bundle（upload.bundle）支持数据类型dt.building.source_set（dt.building.source_set）。,{}
upload.bundle,data_source,supports_data_type,支持数据类型,dt.poi.bundle,data_type,Uploaded Bundle（upload.bundle）支持数据类型dt.poi.bundle（dt.poi.bundle）。,{}
upload.bundle,data_source,supports_data_type,支持数据类型,dt.raster.building_height,data_type,Uploaded Bundle（upload.bundle）支持数据类型dt.raster.building_height（dt.raster.building_height）。,{}
upload.bundle,data_source,supports_data_type,支持数据类型,dt.raster.building_presence,data_type,Uploaded Bundle（upload.bundle）支持数据类型dt.raster.building_presence（dt.raster.building_presence）。,{}
upload.bundle,data_source,supports_data_type,支持数据类型,dt.raw.vector,data_type,Uploaded Bundle（upload.bundle）支持数据类型dt.raw.vector（dt.raw.vector）。,{}
upload.bundle,data_source,supports_data_type,支持数据类型,dt.road.bundle,data_type,Uploaded Bundle（upload.bundle）支持数据类型dt.road.bundle（dt.road.bundle）。,{}
upload.bundle,data_source,supports_data_type,支持数据类型,dt.road.candidate,data_type,Uploaded Bundle（upload.bundle）支持数据类型dt.road.candidate（dt.road.candidate）。,{}
upload.bundle,data_source,supports_data_type,支持数据类型,dt.road.network,data_type,Uploaded Bundle（upload.bundle）支持数据类型dt.road.network（dt.road.network）。,{}
upload.bundle,data_source,supports_data_type,支持数据类型,dt.trajectory.raw,data_type,Uploaded Bundle（upload.bundle）支持数据类型dt.trajectory.raw（dt.trajectory.raw）。,{}
upload.bundle,data_source,supports_data_type,支持数据类型,dt.water.bundle,data_type,Uploaded Bundle（upload.bundle）支持数据类型dt.water.bundle（dt.water.bundle）。,{}
upload.bundle,data_source,supports_data_type,支持数据类型,dt.waterways.bundle,data_type,Uploaded Bundle（upload.bundle）支持数据类型dt.waterways.bundle（dt.waterways.bundle）。,{}
task_bundle.earthquake.building_road,task_bundle,targets_output_requirement,目标输出要求,or.building.fused.v1,output_requirement,Earthquake Building And Road Bundle（task_bundle.earthquake.building_road）目标输出要求or.building.fused.v1（or.building.fused.v1）。,{}
task_bundle.flood.building_road,task_bundle,targets_output_requirement,目标输出要求,or.building.fused.v1,output_requirement,Flood Building And Road Bundle（task_bundle.flood.building_road）目标输出要求or.building.fused.v1（or.building.fused.v1）。,{}
task_bundle.typhoon.building_road,task_bundle,targets_output_requirement,目标输出要求,or.building.fused.v1,output_requirement,Typhoon Building And Road Bundle（task_bundle.typhoon.building_road）目标输出要求or.building.fused.v1（or.building.fused.v1）。,{}
wp.earthquake.building.default,workflow_pattern,targets_output_requirement,目标输出要求,or.building.fused.v1,output_requirement,Earthquake Building Fusion（wp.earthquake.building.default）目标输出要求or.building.fused.v1（or.building.fused.v1）。,{}
wp.earthquake.building.safe,workflow_pattern,targets_output_requirement,目标输出要求,or.building.fused.v1,output_requirement,Earthquake Building Fusion Safe Route（wp.earthquake.building.safe）目标输出要求or.building.fused.v1（or.building.fused.v1）。,{}
wp.flood.building.default,workflow_pattern,targets_output_requirement,目标输出要求,or.building.fused.v1,output_requirement,Flood Building Fusion（wp.flood.building.default）目标输出要求or.building.fused.v1（or.building.fused.v1）。,{}
wp.flood.building.safe,workflow_pattern,targets_output_requirement,目标输出要求,or.building.fused.v1,output_requirement,Flood Building Fusion Safe Route（wp.flood.building.safe）目标输出要求or.building.fused.v1（or.building.fused.v1）。,{}
wp.flood.road.default,workflow_pattern,targets_output_requirement,目标输出要求,or.road.fused.v1,output_requirement,Flood Road Conflation V7（wp.flood.road.default）目标输出要求or.road.fused.v1（or.road.fused.v1）。,{}
wp.flood.water.default,workflow_pattern,targets_output_requirement,目标输出要求,or.water.fused.v1,output_requirement,Flood Water Polygon Fusion（wp.flood.water.default）目标输出要求or.water.fused.v1（or.water.fused.v1）。,{}
wp.flood.water_polygon.default,workflow_pattern,targets_output_requirement,目标输出要求,or.water.fused.v1,output_requirement,Flood Water Polygon Priority Merge（wp.flood.water_polygon.default）目标输出要求or.water.fused.v1（or.water.fused.v1）。,{}
wp.flood.waterways.default,workflow_pattern,targets_output_requirement,目标输出要求,or.waterways.fused.v1,output_requirement,Flood Waterways Conflation V7（wp.flood.waterways.default）目标输出要求or.waterways.fused.v1（or.waterways.fused.v1）。,{}
wp.generic.poi.default,workflow_pattern,targets_output_requirement,目标输出要求,or.poi.fused.v1,output_requirement,Generic POI Fusion（wp.generic.poi.default）目标输出要求or.poi.fused.v1（or.poi.fused.v1）。,{}
wp.poi.fusioncode.geohash_priority.v1,workflow_pattern,targets_output_requirement,目标输出要求,or.poi.fused.v1,output_requirement,FusionCode POI Geohash Priority Fusion（wp.poi.fusioncode.geohash_priority.v1）目标输出要求or.poi.fused.v1（or.poi.fused.v1）。,{}
wp.road.fusioncode.conflation.v7,workflow_pattern,targets_output_requirement,目标输出要求,or.road.fused.v1,output_requirement,FusionCode V7 Road Conflation（wp.road.fusioncode.conflation.v7）目标输出要求or.road.fused.v1（or.road.fused.v1）。,{}
wp.typhoon.road.default,workflow_pattern,targets_output_requirement,目标输出要求,or.road.fused.v1,output_requirement,Typhoon Road Conflation V7（wp.typhoon.road.default）目标输出要求or.road.fused.v1（or.road.fused.v1）。,{}
wp.water_polygon.fusioncode.priority_merge.v2,workflow_pattern,targets_output_requirement,目标输出要求,or.water.fused.v1,output_requirement,FusionCode Water Polygon Priority Merge（wp.water_polygon.fusioncode.priority_merge.v2）目标输出要求or.water.fused.v1（or.water.fused.v1）。,{}
wp.waterways.fusioncode.conflation.v7,workflow_pattern,targets_output_requirement,目标输出要求,or.waterways.fused.v1,output_requirement,FusionCode V7 Waterways Conflation（wp.waterways.fusioncode.conflation.v7）目标输出要求or.waterways.fused.v1（or.waterways.fused.v1）。,{}
wp.building.drs4br.decomposed.v1,workflow_pattern,uses_algorithm,使用算法,algo.assess.building.quality_metrics.v1,algorithm,FusionCode DRS4BR Decomposed Building Fusion（wp.building.drs4br.decomposed.v1）使用算法FusionCode Building Quality Metrics（algo.assess.building.quality_metrics.v1）。,"{""step_orders"": [13]}"
wp.building.drs4br.decomposed.v1,workflow_pattern,uses_algorithm,使用算法,algo.enrich.building.height_from_raster.v1,algorithm,FusionCode DRS4BR Decomposed Building Fusion（wp.building.drs4br.decomposed.v1）使用算法FusionCode Building Height From Raster（algo.enrich.building.height_from_raster.v1）。,"{""step_orders"": [12]}"
wp.building.drs4br.decomposed.v1,workflow_pattern,uses_algorithm,使用算法,algo.enrich.building.obm_attributes.v1,algorithm,FusionCode DRS4BR Decomposed Building Fusion（wp.building.drs4br.decomposed.v1）使用算法FusionCode OBM Attribute Enrichment（algo.enrich.building.obm_attributes.v1）。,"{""step_orders"": [2]}"
wp.building.drs4br.decomposed.v1,workflow_pattern,uses_algorithm,使用算法,algo.fusion.building.cascade_geometry_priority.v1,algorithm,FusionCode DRS4BR Decomposed Building Fusion（wp.building.drs4br.decomposed.v1）使用算法FusionCode Cascaded Geometry Priority Building Fusion（algo.fusion.building.cascade_geometry_priority.v1）。,"{""step_orders"": [6]}"
wp.building.drs4br.decomposed.v1,workflow_pattern,uses_algorithm,使用算法,algo.match.building.v8_candidate_graph.v1,algorithm,FusionCode DRS4BR Decomposed Building Fusion（wp.building.drs4br.decomposed.v1）使用算法FusionCode V8 Building Candidate Graph（algo.match.building.v8_candidate_graph.v1）。,"{""step_orders"": [4]}"
wp.building.drs4br.decomposed.v1,workflow_pattern,uses_algorithm,使用算法,algo.match.building.v8_component_solver.v1,algorithm,FusionCode DRS4BR Decomposed Building Fusion（wp.building.drs4br.decomposed.v1）使用算法FusionCode V8 Building Component Solver（algo.match.building.v8_component_solver.v1）。,"{""step_orders"": [5]}"
wp.building.drs4br.decomposed.v1,workflow_pattern,uses_algorithm,使用算法,algo.optimize.building.conflict_graph.v1,algorithm,FusionCode DRS4BR Decomposed Building Fusion（wp.building.drs4br.decomposed.v1）使用算法FusionCode Building Conflict Graph Optimization（algo.optimize.building.conflict_graph.v1）。,"{""step_orders"": [9]}"
wp.building.drs4br.decomposed.v1,workflow_pattern,uses_algorithm,使用算法,algo.optimize.road.topology_for_buildings.v1,algorithm,FusionCode DRS4BR Decomposed Building Fusion（wp.building.drs4br.decomposed.v1）使用算法FusionCode Road Topology For Buildings（algo.optimize.road.topology_for_buildings.v1）。,"{""step_orders"": [8]}"
wp.building.drs4br.decomposed.v1,workflow_pattern,uses_algorithm,使用算法,algo.preprocess.building.source_normalize.v1,algorithm,FusionCode DRS4BR Decomposed Building Fusion（wp.building.drs4br.decomposed.v1）使用算法FusionCode Building Source Normalize（algo.preprocess.building.source_normalize.v1）。,"{""step_orders"": [1]}"
wp.building.drs4br.decomposed.v1,workflow_pattern,uses_algorithm,使用算法,algo.refine.building.post_conflict_shrink.v1,algorithm,FusionCode DRS4BR Decomposed Building Fusion（wp.building.drs4br.decomposed.v1）使用算法FusionCode Building Post Conflict Shrink（algo.refine.building.post_conflict_shrink.v1）。,"{""step_orders"": [10]}"
wp.building.drs4br.decomposed.v1,workflow_pattern,uses_algorithm,使用算法,algo.refine.building.road_tail.v1,algorithm,FusionCode DRS4BR Decomposed Building Fusion（wp.building.drs4br.decomposed.v1）使用算法FusionCode Road Tail Building Refinement（algo.refine.building.road_tail.v1）。,"{""step_orders"": [11]}"
wp.building.drs4br.decomposed.v1,workflow_pattern,uses_algorithm,使用算法,algo.resolve.building.residual_priority.v1,algorithm,FusionCode DRS4BR Decomposed Building Fusion（wp.building.drs4br.decomposed.v1）使用算法FusionCode Residual Priority Conflict Resolution（algo.resolve.building.residual_priority.v1）。,"{""step_orders"": [7]}"
wp.building.drs4br.decomposed.v1,workflow_pattern,uses_algorithm,使用算法,algo.validate.building.presence_raster.v1,algorithm,FusionCode DRS4BR Decomposed Building Fusion（wp.building.drs4br.decomposed.v1）使用算法FusionCode Building Presence Raster Validation（algo.validate.building.presence_raster.v1）。,"{""step_orders"": [3]}"
wp.earthquake.building.default,workflow_pattern,uses_algorithm,使用算法,algo.fusion.building.v1,algorithm,Earthquake Building Fusion（wp.earthquake.building.default）使用算法Building Fusion Legacy（algo.fusion.building.v1）。,"{""step_orders"": [1]}"
wp.earthquake.building.safe,workflow_pattern,uses_algorithm,使用算法,algo.fusion.building.safe,algorithm,Earthquake Building Fusion Safe Route（wp.earthquake.building.safe）使用算法Building Fusion Safe Fallback（algo.fusion.building.safe）。,"{""step_orders"": [1]}"
wp.flood.building.default,workflow_pattern,uses_algorithm,使用算法,algo.fusion.building.v1,algorithm,Flood Building Fusion（wp.flood.building.default）使用算法Building Fusion Legacy（algo.fusion.building.v1）。,"{""step_orders"": [1]}"
wp.flood.building.safe,workflow_pattern,uses_algorithm,使用算法,algo.fusion.building.safe,algorithm,Flood Building Fusion Safe Route（wp.flood.building.safe）使用算法Building Fusion Safe Fallback（algo.fusion.building.safe）。,"{""step_orders"": [1]}"
wp.flood.road.default,workflow_pattern,uses_algorithm,使用算法,algo.fusion.road.conflation.v7,algorithm,Flood Road Conflation V7（wp.flood.road.default）使用算法FusionCode V7 Road Conflation（algo.fusion.road.conflation.v7）。,"{""step_orders"": [1]}"
wp.flood.water.default,workflow_pattern,uses_algorithm,使用算法,algo.fusion.water_polygon.priority_merge.v2,algorithm,Flood Water Polygon Fusion（wp.flood.water.default）使用算法FusionCode Water Polygon Priority Merge（algo.fusion.water_polygon.priority_merge.v2）。,"{""step_orders"": [1]}"
wp.flood.water_polygon.default,workflow_pattern,uses_algorithm,使用算法,algo.fusion.water_polygon.priority_merge.v2,algorithm,Flood Water Polygon Priority Merge（wp.flood.water_polygon.default）使用算法FusionCode Water Polygon Priority Merge（algo.fusion.water_polygon.priority_merge.v2）。,"{""step_orders"": [1]}"
wp.flood.waterways.default,workflow_pattern,uses_algorithm,使用算法,algo.fusion.waterways.conflation.v7,algorithm,Flood Waterways Conflation V7（wp.flood.waterways.default）使用算法FusionCode V7 Waterways Conflation（algo.fusion.waterways.conflation.v7）。,"{""step_orders"": [1]}"
wp.generic.poi.default,workflow_pattern,uses_algorithm,使用算法,algo.fusion.poi.v1,algorithm,Generic POI Fusion（wp.generic.poi.default）使用算法POI Fusion（algo.fusion.poi.v1）。,"{""step_orders"": [1]}"
wp.poi.fusioncode.geohash_priority.v1,workflow_pattern,uses_algorithm,使用算法,algo.fusion.poi.geohash_neighbor_match.v1,algorithm,FusionCode POI Geohash Priority Fusion（wp.poi.fusioncode.geohash_priority.v1）使用算法FusionCode POI Geohash Neighbor Match（algo.fusion.poi.geohash_neighbor_match.v1）。,"{""step_orders"": [1]}"
wp.road.fusioncode.conflation.v7,workflow_pattern,uses_algorithm,使用算法,algo.fusion.road.conflation.v7,algorithm,FusionCode V7 Road Conflation（wp.road.fusioncode.conflation.v7）使用算法FusionCode V7 Road Conflation（algo.fusion.road.conflation.v7）。,"{""step_orders"": [1]}"
wp.typhoon.road.default,workflow_pattern,uses_algorithm,使用算法,algo.fusion.road.conflation.v7,algorithm,Typhoon Road Conflation V7（wp.typhoon.road.default）使用算法FusionCode V7 Road Conflation（algo.fusion.road.conflation.v7）。,"{""step_orders"": [1]}"
wp.water_polygon.fusioncode.priority_merge.v2,workflow_pattern,uses_algorithm,使用算法,algo.fusion.water_polygon.priority_merge.v2,algorithm,FusionCode Water Polygon Priority Merge（wp.water_polygon.fusioncode.priority_merge.v2）使用算法FusionCode Water Polygon Priority Merge（algo.fusion.water_polygon.priority_merge.v2）。,"{""step_orders"": [1]}"
wp.waterways.fusioncode.conflation.v7,workflow_pattern,uses_algorithm,使用算法,algo.fusion.waterways.conflation.v7,algorithm,FusionCode V7 Waterways Conflation（wp.waterways.fusioncode.conflation.v7）使用算法FusionCode V7 Waterways Conflation（algo.fusion.waterways.conflation.v7）。,"{""step_orders"": [1]}"
wp.building.drs4br.decomposed.v1,workflow_pattern,uses_data_source,使用数据源,upload.bundle,data_source,FusionCode DRS4BR Decomposed Building Fusion（wp.building.drs4br.decomposed.v1）使用数据源Uploaded Bundle（upload.bundle）。,"{""step_orders"": [1, 2, 3, 4, 5, 6, 7, 8, 9, 10, 11, 12, 13]}"
wp.earthquake.building.default,workflow_pattern,uses_data_source,使用数据源,upload.bundle,data_source,Earthquake Building Fusion（wp.earthquake.building.default）使用数据源Uploaded Bundle（upload.bundle）。,"{""step_orders"": [1]}"
wp.earthquake.building.safe,workflow_pattern,uses_data_source,使用数据源,upload.bundle,data_source,Earthquake Building Fusion Safe Route（wp.earthquake.building.safe）使用数据源Uploaded Bundle（upload.bundle）。,"{""step_orders"": [1]}"
wp.flood.building.default,workflow_pattern,uses_data_source,使用数据源,upload.bundle,data_source,Flood Building Fusion（wp.flood.building.default）使用数据源Uploaded Bundle（upload.bundle）。,"{""step_orders"": [1]}"
wp.flood.building.safe,workflow_pattern,uses_data_source,使用数据源,upload.bundle,data_source,Flood Building Fusion Safe Route（wp.flood.building.safe）使用数据源Uploaded Bundle（upload.bundle）。,"{""step_orders"": [1]}"
wp.flood.road.default,workflow_pattern,uses_data_source,使用数据源,catalog.flood.road,data_source,Flood Road Conflation V7（wp.flood.road.default）使用数据源Flood Road Bundle (OSM + Microsoft)（catalog.flood.road）。,"{""step_orders"": [1]}"
wp.flood.water.default,workflow_pattern,uses_data_source,使用数据源,catalog.flood.water,data_source,Flood Water Polygon Fusion（wp.flood.water.default）使用数据源Flood Water Bundle (OSM + HydroLAKES)（catalog.flood.water）。,"{""step_orders"": [1]}"
wp.flood.water_polygon.default,workflow_pattern,uses_data_source,使用数据源,catalog.flood.water_polygon,data_source,Flood Water Polygon Priority Merge（wp.flood.water_polygon.default）使用数据源Flood Water Polygon Bundle (OSM + HydroLAKES)（catalog.flood.water_polygon）。,"{""step_orders"": [1]}"
wp.flood.waterways.default,workflow_pattern,uses_data_source,使用数据源,catalog.flood.waterways,data_source,Flood Waterways Conflation V7（wp.flood.waterways.default）使用数据源Flood Waterways Bundle (OSM + Pakistan Local Waterways)（catalog.flood.waterways）。,"{""step_orders"": [1]}"
wp.generic.poi.default,workflow_pattern,uses_data_source,使用数据源,catalog.generic.poi,data_source,Generic POI Fusion（wp.generic.poi.default）使用数据源Generic POI Bundle (OSM + GNS)（catalog.generic.poi）。,"{""step_orders"": [1]}"
wp.poi.fusioncode.geohash_priority.v1,workflow_pattern,uses_data_source,使用数据源,upload.bundle,data_source,FusionCode POI Geohash Priority Fusion（wp.poi.fusioncode.geohash_priority.v1）使用数据源Uploaded Bundle（upload.bundle）。,"{""step_orders"": [1]}"
wp.road.fusioncode.conflation.v7,workflow_pattern,uses_data_source,使用数据源,upload.bundle,data_source,FusionCode V7 Road Conflation（wp.road.fusioncode.conflation.v7）使用数据源Uploaded Bundle（upload.bundle）。,"{""step_orders"": [1]}"
wp.typhoon.road.default,workflow_pattern,uses_data_source,使用数据源,catalog.typhoon.road,data_source,Typhoon Road Conflation V7（wp.typhoon.road.default）使用数据源Typhoon Road Bundle (OSM + Microsoft)（catalog.typhoon.road）。,"{""step_orders"": [1]}"
wp.water_polygon.fusioncode.priority_merge.v2,workflow_pattern,uses_data_source,使用数据源,catalog.flood.water,data_source,FusionCode Water Polygon Priority Merge（wp.water_polygon.fusioncode.priority_merge.v2）使用数据源Flood Water Bundle (OSM + HydroLAKES)（catalog.flood.water）。,"{""step_orders"": [1]}"
wp.waterways.fusioncode.conflation.v7,workflow_pattern,uses_data_source,使用数据源,catalog.flood.waterways,data_source,FusionCode V7 Waterways Conflation（wp.waterways.fusioncode.conflation.v7）使用数据源Flood Waterways Bundle (OSM + Pakistan Local Waterways)（catalog.flood.waterways）。,"{""step_orders"": [1]}"
contract.product.building.v1,product_contract,uses_qos_policy,使用服务质量策略,qos.scenario.earthquake.v1,qos_policy,Fused Building Footprint Product（contract.product.building.v1）使用服务质量策略Earthquake Default QoS（qos.scenario.earthquake.v1）。,{}
contract.product.building.v1,product_contract,uses_qos_policy,使用服务质量策略,qos.scenario.flood.v1,qos_policy,Fused Building Footprint Product（contract.product.building.v1）使用服务质量策略Flood Default QoS（qos.scenario.flood.v1）。,{}
contract.product.building.v1,product_contract,uses_qos_policy,使用服务质量策略,qos.scenario.typhoon.v1,qos_policy,Fused Building Footprint Product（contract.product.building.v1）使用服务质量策略Typhoon Default QoS（qos.scenario.typhoon.v1）。,{}
contract.product.building.v1,product_contract,uses_qos_policy,使用服务质量策略,qos.task.default.v1,qos_policy,Fused Building Footprint Product（contract.product.building.v1）使用服务质量策略Direct Task Default QoS（qos.task.default.v1）。,{}
contract.product.emergency_vector_bundle.v1,product_contract,uses_qos_policy,使用服务质量策略,qos.task.default.v1,qos_policy,Emergency Multi-Layer Vector Product Bundle（contract.product.emergency_vector_bundle.v1）使用服务质量策略Direct Task Default QoS（qos.task.default.v1）。,{}
contract.product.poi.v1,product_contract,uses_qos_policy,使用服务质量策略,qos.task.default.v1,qos_policy,Fused Point-of-Interest Product（contract.product.poi.v1）使用服务质量策略Direct Task Default QoS（qos.task.default.v1）。,{}
contract.product.road.v1,product_contract,uses_qos_policy,使用服务质量策略,qos.scenario.earthquake.v1,qos_policy,Fused Road Network Product（contract.product.road.v1）使用服务质量策略Earthquake Default QoS（qos.scenario.earthquake.v1）。,{}
contract.product.road.v1,product_contract,uses_qos_policy,使用服务质量策略,qos.scenario.flood.v1,qos_policy,Fused Road Network Product（contract.product.road.v1）使用服务质量策略Flood Default QoS（qos.scenario.flood.v1）。,{}
contract.product.road.v1,product_contract,uses_qos_policy,使用服务质量策略,qos.scenario.typhoon.v1,qos_policy,Fused Road Network Product（contract.product.road.v1）使用服务质量策略Typhoon Default QoS（qos.scenario.typhoon.v1）。,{}
contract.product.road.v1,product_contract,uses_qos_policy,使用服务质量策略,qos.task.default.v1,qos_policy,Fused Road Network Product（contract.product.road.v1）使用服务质量策略Direct Task Default QoS（qos.task.default.v1）。,{}
contract.product.water_polygon.v1,product_contract,uses_qos_policy,使用服务质量策略,qos.scenario.flood.v1,qos_policy,Fused Polygonal Surface-Water Product（contract.product.water_polygon.v1）使用服务质量策略Flood Default QoS（qos.scenario.flood.v1）。,{}
contract.product.water_polygon.v1,product_contract,uses_qos_policy,使用服务质量策略,qos.scenario.typhoon.v1,qos_policy,Fused Polygonal Surface-Water Product（contract.product.water_polygon.v1）使用服务质量策略Typhoon Default QoS（qos.scenario.typhoon.v1）。,{}
contract.product.water_polygon.v1,product_contract,uses_qos_policy,使用服务质量策略,qos.task.default.v1,qos_policy,Fused Polygonal Surface-Water Product（contract.product.water_polygon.v1）使用服务质量策略Direct Task Default QoS（qos.task.default.v1）。,{}
contract.product.waterways.v1,product_contract,uses_qos_policy,使用服务质量策略,qos.scenario.flood.v1,qos_policy,Fused Linear Hydrography Product（contract.product.waterways.v1）使用服务质量策略Flood Default QoS（qos.scenario.flood.v1）。,{}
contract.product.waterways.v1,product_contract,uses_qos_policy,使用服务质量策略,qos.scenario.typhoon.v1,qos_policy,Fused Linear Hydrography Product（contract.product.waterways.v1）使用服务质量策略Typhoon Default QoS（qos.scenario.typhoon.v1）。,{}
contract.product.waterways.v1,product_contract,uses_qos_policy,使用服务质量策略,qos.task.default.v1,qos_policy,Fused Linear Hydrography Product（contract.product.waterways.v1）使用服务质量策略Direct Task Default QoS（qos.task.default.v1）。,{}
task_bundle.direct_request,task_bundle,uses_qos_policy,使用服务质量策略,qos.task.default.v1,qos_policy,Direct Task Request Bundle（task_bundle.direct_request）使用服务质量策略Direct Task Default QoS（qos.task.default.v1）。,{}
task_bundle.earthquake.building_road,task_bundle,uses_qos_policy,使用服务质量策略,qos.scenario.earthquake.v1,qos_policy,Earthquake Building And Road Bundle（task_bundle.earthquake.building_road）使用服务质量策略Earthquake Default QoS（qos.scenario.earthquake.v1）。,{}
task_bundle.flood.building_road,task_bundle,uses_qos_policy,使用服务质量策略,qos.scenario.flood.v1,qos_policy,Flood Building And Road Bundle（task_bundle.flood.building_road）使用服务质量策略Flood Default QoS（qos.scenario.flood.v1）。,{}
task_bundle.typhoon.building_road,task_bundle,uses_qos_policy,使用服务质量策略,qos.scenario.typhoon.v1,qos_policy,Typhoon Building And Road Bundle（task_bundle.typhoon.building_road）使用服务质量策略Typhoon Default QoS（qos.scenario.typhoon.v1）。,{}
contract.product.building.v1,product_contract,uses_repair_strategy,使用修复策略,repair.alternative_algorithm.v1,repair_strategy,Fused Building Footprint Product（contract.product.building.v1）使用修复策略Alternative Algorithm Fallback（repair.alternative_algorithm.v1）。,{}
contract.product.building.v1,product_contract,uses_repair_strategy,使用修复策略,repair.source_fallback.v1,repair_strategy,Fused Building Footprint Product（contract.product.building.v1）使用修复策略Alternative Source Fallback（repair.source_fallback.v1）。,{}
contract.product.emergency_vector_bundle.v1,product_contract,uses_repair_strategy,使用修复策略,repair.alternative_algorithm.v1,repair_strategy,Emergency Multi-Layer Vector Product Bundle（contract.product.emergency_vector_bundle.v1）使用修复策略Alternative Algorithm Fallback（repair.alternative_algorithm.v1）。,{}
contract.product.emergency_vector_bundle.v1,product_contract,uses_repair_strategy,使用修复策略,repair.source_fallback.v1,repair_strategy,Emergency Multi-Layer Vector Product Bundle（contract.product.emergency_vector_bundle.v1）使用修复策略Alternative Source Fallback（repair.source_fallback.v1）。,{}
contract.product.poi.v1,product_contract,uses_repair_strategy,使用修复策略,repair.source_fallback.v1,repair_strategy,Fused Point-of-Interest Product（contract.product.poi.v1）使用修复策略Alternative Source Fallback（repair.source_fallback.v1）。,{}
contract.product.road.v1,product_contract,uses_repair_strategy,使用修复策略,repair.alternative_algorithm.v1,repair_strategy,Fused Road Network Product（contract.product.road.v1）使用修复策略Alternative Algorithm Fallback（repair.alternative_algorithm.v1）。,{}
contract.product.road.v1,product_contract,uses_repair_strategy,使用修复策略,repair.source_fallback.v1,repair_strategy,Fused Road Network Product（contract.product.road.v1）使用修复策略Alternative Source Fallback（repair.source_fallback.v1）。,{}
contract.product.water_polygon.v1,product_contract,uses_repair_strategy,使用修复策略,repair.source_fallback.v1,repair_strategy,Fused Polygonal Surface-Water Product（contract.product.water_polygon.v1）使用修复策略Alternative Source Fallback（repair.source_fallback.v1）。,{}
contract.product.waterways.v1,product_contract,uses_repair_strategy,使用修复策略,repair.alternative_algorithm.v1,repair_strategy,Fused Linear Hydrography Product（contract.product.waterways.v1）使用修复策略Alternative Algorithm Fallback（repair.alternative_algorithm.v1）。,{}
contract.product.waterways.v1,product_contract,uses_repair_strategy,使用修复策略,repair.source_fallback.v1,repair_strategy,Fused Linear Hydrography Product（contract.product.waterways.v1）使用修复策略Alternative Source Fallback（repair.source_fallback.v1）。,{}
task_bundle.direct_request,task_bundle,uses_repair_strategy,使用修复策略,repair.alternative_algorithm.v1,repair_strategy,Direct Task Request Bundle（task_bundle.direct_request）使用修复策略Alternative Algorithm Fallback（repair.alternative_algorithm.v1）。,{}
task_bundle.direct_request,task_bundle,uses_repair_strategy,使用修复策略,repair.source_fallback.v1,repair_strategy,Direct Task Request Bundle（task_bundle.direct_request）使用修复策略Alternative Source Fallback（repair.source_fallback.v1）。,{}
task_bundle.earthquake.building_road,task_bundle,uses_repair_strategy,使用修复策略,repair.alternative_algorithm.v1,repair_strategy,Earthquake Building And Road Bundle（task_bundle.earthquake.building_road）使用修复策略Alternative Algorithm Fallback（repair.alternative_algorithm.v1）。,{}
task_bundle.earthquake.building_road,task_bundle,uses_repair_strategy,使用修复策略,repair.source_fallback.v1,repair_strategy,Earthquake Building And Road Bundle（task_bundle.earthquake.building_road）使用修复策略Alternative Source Fallback（repair.source_fallback.v1）。,{}
task_bundle.flood.building_road,task_bundle,uses_repair_strategy,使用修复策略,repair.alternative_algorithm.v1,repair_strategy,Flood Building And Road Bundle（task_bundle.flood.building_road）使用修复策略Alternative Algorithm Fallback（repair.alternative_algorithm.v1）。,{}
task_bundle.flood.building_road,task_bundle,uses_repair_strategy,使用修复策略,repair.source_fallback.v1,repair_strategy,Flood Building And Road Bundle（task_bundle.flood.building_road）使用修复策略Alternative Source Fallback（repair.source_fallback.v1）。,{}
task_bundle.typhoon.building_road,task_bundle,uses_repair_strategy,使用修复策略,repair.alternative_algorithm.v1,repair_strategy,Typhoon Building And Road Bundle（task_bundle.typhoon.building_road）使用修复策略Alternative Algorithm Fallback（repair.alternative_algorithm.v1）。,{}
task_bundle.typhoon.building_road,task_bundle,uses_repair_strategy,使用修复策略,repair.source_fallback.v1,repair_strategy,Typhoon Building And Road Bundle（task_bundle.typhoon.building_road）使用修复策略Alternative Source Fallback（repair.source_fallback.v1）。,{}
